INSERT INTO tickets (ticket_id, ticket_type, ticket_price) VALUES (1, 'Senior', 10);
INSERT INTO tickets (ticket_id, ticket_type, ticket_price) VALUES (2, 'Senior', 10);
INSERT INTO tickets (ticket_id, ticket_type, ticket_price) VALUES (3, 'Senior', 10);
INSERT INTO tickets (ticket_id, ticket_type, ticket_price) VALUES (4, 'VIP', 50);
INSERT INTO tickets (ticket_id, ticket_type, ticket_price) VALUES (5, 'Standard', 20);
INSERT INTO tickets (ticket_id, ticket_type, ticket_price) VALUES (6, 'Child', 10);
INSERT INTO tickets (ticket_id, ticket_type, ticket_price) VALUES (7, 'Child', 10);
INSERT INTO tickets (ticket_id, ticket_type, ticket_price) VALUES (8, 'Child', 10);
INSERT INTO tickets (ticket_id, ticket_type, ticket_price) VALUES (9, 'VIP', 50);
INSERT INTO tickets (ticket_id, ticket_type, ticket_price) VALUES (10, 'Senior', 10);
INSERT INTO tickets (ticket_id, ticket_type, ticket_price) VALUES (11, 'VIP', 50);
INSERT INTO tickets (ticket_id, ticket_type, ticket_price) VALUES (12, 'VIP', 50);
INSERT INTO tickets (ticket_id, ticket_type, ticket_price) VALUES (13, 'Senior', 10);
INSERT INTO tickets (ticket_id, ticket_type, ticket_price) VALUES (14, 'Standard', 20);
INSERT INTO tickets (ticket_id, ticket_type, ticket_price) VALUES (15, 'VIP', 50);
INSERT INTO tickets (ticket_id, ticket_type, ticket_price) VALUES (16, 'Senior', 10);
INSERT INTO tickets (ticket_id, ticket_type, ticket_price) VALUES (17, 'Senior', 10);
INSERT INTO tickets (ticket_id, ticket_type, ticket_price) VALUES (18, 'VIP', 50);
INSERT INTO tickets (ticket_id, ticket_type, ticket_price) VALUES (19, 'VIP', 50);
INSERT INTO tickets (ticket_id, ticket_type, ticket_price) VALUES (20, 'VIP', 50);
INSERT INTO tickets (ticket_id, ticket_type, ticket_price) VALUES (21, 'Child', 10);
INSERT INTO tickets (ticket_id, ticket_type, ticket_price) VALUES (22, 'Standard', 20);
INSERT INTO tickets (ticket_id, ticket_type, ticket_price) VALUES (23, 'VIP', 50);
INSERT INTO tickets (ticket_id, ticket_type, ticket_price) VALUES (24, 'VIP', 50);
INSERT INTO tickets (ticket_id, ticket_type, ticket_price) VALUES (25, 'Standard', 20);
INSERT INTO tickets (ticket_id, ticket_type, ticket_price) VALUES (26, 'VIP', 50);
INSERT INTO tickets (ticket_id, ticket_type, ticket_price) VALUES (27, 'Child', 10);
INSERT INTO tickets (ticket_id, ticket_type, ticket_price) VALUES (28, 'Senior', 10);
INSERT INTO tickets (ticket_id, ticket_type, ticket_price) VALUES (29, 'Senior', 10);
INSERT INTO tickets (ticket_id, ticket_type, ticket_price) VALUES (30, 'Child', 10);
INSERT INTO tickets (ticket_id, ticket_type, ticket_price) VALUES (31, 'VIP', 50);
INSERT INTO tickets (ticket_id, ticket_type, ticket_price) VALUES (32, 'Standard', 20);
INSERT INTO tickets (ticket_id, ticket_type, ticket_price) VALUES (33, 'Senior', 10);
INSERT INTO tickets (ticket_id, ticket_type, ticket_price) VALUES (34, 'Child', 10);
INSERT INTO tickets (ticket_id, ticket_type, ticket_price) VALUES (35, 'VIP', 50);
INSERT INTO tickets (ticket_id, ticket_type, ticket_price) VALUES (36, 'Standard', 20);
INSERT INTO tickets (ticket_id, ticket_type, ticket_price) VALUES (37, 'Standard', 20);
INSERT INTO tickets (ticket_id, ticket_type, ticket_price) VALUES (38, 'VIP', 50);
INSERT INTO tickets (ticket_id, ticket_type, ticket_price) VALUES (39, 'Senior', 10);
INSERT INTO tickets (ticket_id, ticket_type, ticket_price) VALUES (40, 'Child', 10);
INSERT INTO tickets (ticket_id, ticket_type, ticket_price) VALUES (41, 'Standard', 20);
INSERT INTO tickets (ticket_id, ticket_type, ticket_price) VALUES (42, 'VIP', 50);
INSERT INTO tickets (ticket_id, ticket_type, ticket_price) VALUES (43, 'Senior', 10);
INSERT INTO tickets (ticket_id, ticket_type, ticket_price) VALUES (44, 'Senior', 10);
INSERT INTO tickets (ticket_id, ticket_type, ticket_price) VALUES (45, 'Child', 10);
INSERT INTO tickets (ticket_id, ticket_type, ticket_price) VALUES (46, 'VIP', 50);
INSERT INTO tickets (ticket_id, ticket_type, ticket_price) VALUES (47, 'Senior', 10);
INSERT INTO tickets (ticket_id, ticket_type, ticket_price) VALUES (48, 'Senior', 10);
INSERT INTO tickets (ticket_id, ticket_type, ticket_price) VALUES (49, 'Senior', 10);
INSERT INTO tickets (ticket_id, ticket_type, ticket_price) VALUES (50, 'Standard', 20);
INSERT INTO tickets (ticket_id, ticket_type, ticket_price) VALUES (51, 'VIP', 50);
INSERT INTO tickets (ticket_id, ticket_type, ticket_price) VALUES (52, 'Child', 10);
INSERT INTO tickets (ticket_id, ticket_type, ticket_price) VALUES (53, 'Standard', 20);
INSERT INTO tickets (ticket_id, ticket_type, ticket_price) VALUES (54, 'Senior', 10);
INSERT INTO tickets (ticket_id, ticket_type, ticket_price) VALUES (55, 'Standard', 20);
INSERT INTO tickets (ticket_id, ticket_type, ticket_price) VALUES (56, 'Senior', 10);
INSERT INTO tickets (ticket_id, ticket_type, ticket_price) VALUES (57, 'VIP', 50);
INSERT INTO tickets (ticket_id, ticket_type, ticket_price) VALUES (58, 'Child', 10);
INSERT INTO tickets (ticket_id, ticket_type, ticket_price) VALUES (59, 'Child', 10);
INSERT INTO tickets (ticket_id, ticket_type, ticket_price) VALUES (60, 'Standard', 20);
INSERT INTO tickets (ticket_id, ticket_type, ticket_price) VALUES (61, 'Standard', 20);
INSERT INTO tickets (ticket_id, ticket_type, ticket_price) VALUES (62, 'Senior', 10);
INSERT INTO tickets (ticket_id, ticket_type, ticket_price) VALUES (63, 'Senior', 10);
INSERT INTO tickets (ticket_id, ticket_type, ticket_price) VALUES (64, 'Senior', 10);
INSERT INTO tickets (ticket_id, ticket_type, ticket_price) VALUES (65, 'Senior', 10);
INSERT INTO tickets (ticket_id, ticket_type, ticket_price) VALUES (66, 'Child', 10);
INSERT INTO tickets (ticket_id, ticket_type, ticket_price) VALUES (67, 'Senior', 10);
INSERT INTO tickets (ticket_id, ticket_type, ticket_price) VALUES (68, 'Senior', 10);
INSERT INTO tickets (ticket_id, ticket_type, ticket_price) VALUES (69, 'Senior', 10);
INSERT INTO tickets (ticket_id, ticket_type, ticket_price) VALUES (70, 'Standard', 20);
INSERT INTO tickets (ticket_id, ticket_type, ticket_price) VALUES (71, 'Child', 10);
INSERT INTO tickets (ticket_id, ticket_type, ticket_price) VALUES (72, 'Standard', 20);
INSERT INTO tickets (ticket_id, ticket_type, ticket_price) VALUES (73, 'Standard', 20);
INSERT INTO tickets (ticket_id, ticket_type, ticket_price) VALUES (74, 'Standard', 20);
INSERT INTO tickets (ticket_id, ticket_type, ticket_price) VALUES (75, 'Child', 10);
INSERT INTO tickets (ticket_id, ticket_type, ticket_price) VALUES (76, 'Senior', 10);
INSERT INTO tickets (ticket_id, ticket_type, ticket_price) VALUES (77, 'Child', 10);
INSERT INTO tickets (ticket_id, ticket_type, ticket_price) VALUES (78, 'VIP', 50);
INSERT INTO tickets (ticket_id, ticket_type, ticket_price) VALUES (79, 'VIP', 50);
INSERT INTO tickets (ticket_id, ticket_type, ticket_price) VALUES (80, 'Standard', 20);
INSERT INTO tickets (ticket_id, ticket_type, ticket_price) VALUES (81, 'Standard', 20);
INSERT INTO tickets (ticket_id, ticket_type, ticket_price) VALUES (82, 'VIP', 50);
INSERT INTO tickets (ticket_id, ticket_type, ticket_price) VALUES (83, 'VIP', 50);
INSERT INTO tickets (ticket_id, ticket_type, ticket_price) VALUES (84, 'Senior', 10);
INSERT INTO tickets (ticket_id, ticket_type, ticket_price) VALUES (85, 'Senior', 10);
INSERT INTO tickets (ticket_id, ticket_type, ticket_price) VALUES (86, 'Child', 10);
INSERT INTO tickets (ticket_id, ticket_type, ticket_price) VALUES (87, 'Senior', 10);
INSERT INTO tickets (ticket_id, ticket_type, ticket_price) VALUES (88, 'Senior', 10);
INSERT INTO tickets (ticket_id, ticket_type, ticket_price) VALUES (89, 'Senior', 10);
INSERT INTO tickets (ticket_id, ticket_type, ticket_price) VALUES (90, 'Senior', 10);
INSERT INTO tickets (ticket_id, ticket_type, ticket_price) VALUES (91, 'Senior', 10);
INSERT INTO tickets (ticket_id, ticket_type, ticket_price) VALUES (92, 'Standard', 20);
INSERT INTO tickets (ticket_id, ticket_type, ticket_price) VALUES (93, 'Child', 10);
INSERT INTO tickets (ticket_id, ticket_type, ticket_price) VALUES (94, 'VIP', 50);
INSERT INTO tickets (ticket_id, ticket_type, ticket_price) VALUES (95, 'VIP', 50);
INSERT INTO tickets (ticket_id, ticket_type, ticket_price) VALUES (96, 'VIP', 50);
INSERT INTO tickets (ticket_id, ticket_type, ticket_price) VALUES (97, 'Child', 10);
INSERT INTO tickets (ticket_id, ticket_type, ticket_price) VALUES (98, 'VIP', 50);
INSERT INTO tickets (ticket_id, ticket_type, ticket_price) VALUES (99, 'Standard', 20);
INSERT INTO tickets (ticket_id, ticket_type, ticket_price) VALUES (100, 'Child', 10);
INSERT INTO visitors (visitor_id,name,age,ticket_type,ticket_price,visit_date,ticket_id) VALUES (1,'Tony',15,'Senior',10,'2025-02-23',1);
INSERT INTO visitors (visitor_id,name,age,ticket_type,ticket_price,visit_date,ticket_id) VALUES (2,'George',16,'Senior',10,'2025-03-08',2);
INSERT INTO visitors (visitor_id,name,age,ticket_type,ticket_price,visit_date,ticket_id) VALUES (3,'Sheldon',16,'Senior',10,'2025-03-07',3);
INSERT INTO visitors (visitor_id,name,age,ticket_type,ticket_price,visit_date,ticket_id) VALUES (4,'Grace',21,'VIP',50,'2025-02-10',4);
INSERT INTO visitors (visitor_id,name,age,ticket_type,ticket_price,visit_date,ticket_id) VALUES (5,'Hannah',52,'Standard',20,'2025-03-03',5);
INSERT INTO visitors (visitor_id,name,age,ticket_type,ticket_price,visit_date,ticket_id) VALUES (6,'Emma',56,'Child',10,'2025-03-02',6);
INSERT INTO visitors (visitor_id,name,age,ticket_type,ticket_price,visit_date,ticket_id) VALUES (7,'Tracy',11,'Child',10,'2025-03-09',7);
INSERT INTO visitors (visitor_id,name,age,ticket_type,ticket_price,visit_date,ticket_id) VALUES (8,'Sheldon',50,'Child',10,'2025-02-18',8);
INSERT INTO visitors (visitor_id,name,age,ticket_type,ticket_price,visit_date,ticket_id) VALUES (9,'Brandon',12,'VIP',50,'2025-02-14',9);
INSERT INTO visitors (visitor_id,name,age,ticket_type,ticket_price,visit_date,ticket_id) VALUES (10,'Quinn',60,'Senior',10,'2025-02-20',10);
INSERT INTO visitors (visitor_id,name,age,ticket_type,ticket_price,visit_date,ticket_id) VALUES (11,'Tony',5,'VIP',50,'2025-03-07',11);
INSERT INTO visitors (visitor_id,name,age,ticket_type,ticket_price,visit_date,ticket_id) VALUES (12,'Frank',47,'VIP',50,'2025-03-05',12);
INSERT INTO visitors (visitor_id,name,age,ticket_type,ticket_price,visit_date,ticket_id) VALUES (13,'George',37,'Senior',10,'2025-02-25',13);
INSERT INTO visitors (visitor_id,name,age,ticket_type,ticket_price,visit_date,ticket_id) VALUES (14,'Hannah',19,'Standard',20,'2025-02-14',14);
INSERT INTO visitors (visitor_id,name,age,ticket_type,ticket_price,visit_date,ticket_id) VALUES (15,'Tracy',25,'VIP',50,'2025-02-18',15);
INSERT INTO visitors (visitor_id,name,age,ticket_type,ticket_price,visit_date,ticket_id) VALUES (16,'Emma',46,'Senior',10,'2025-02-09',16);
INSERT INTO visitors (visitor_id,name,age,ticket_type,ticket_price,visit_date,ticket_id) VALUES (17,'Tracy',44,'Senior',10,'2025-03-03',17);
INSERT INTO visitors (visitor_id,name,age,ticket_type,ticket_price,visit_date,ticket_id) VALUES (18,'George',42,'VIP',50,'2025-02-10',18);
INSERT INTO visitors (visitor_id,name,age,ticket_type,ticket_price,visit_date,ticket_id) VALUES (19,'Frank',25,'VIP',50,'2025-02-11',19);
INSERT INTO visitors (visitor_id,name,age,ticket_type,ticket_price,visit_date,ticket_id) VALUES (20,'Frank',65,'VIP',50,'2025-03-06',20);
INSERT INTO visitors (visitor_id,name,age,ticket_type,ticket_price,visit_date,ticket_id) VALUES (21,'Foxtrot',40,'Child',10,'2025-02-28',21);
INSERT INTO visitors (visitor_id,name,age,ticket_type,ticket_price,visit_date,ticket_id) VALUES (22,'Grace',29,'Standard',20,'2025-03-01',22);
INSERT INTO visitors (visitor_id,name,age,ticket_type,ticket_price,visit_date,ticket_id) VALUES (23,'David',32,'VIP',50,'2025-02-20',23);
INSERT INTO visitors (visitor_id,name,age,ticket_type,ticket_price,visit_date,ticket_id) VALUES (24,'Brandon',30,'VIP',50,'2025-03-04',24);
INSERT INTO visitors (visitor_id,name,age,ticket_type,ticket_price,visit_date,ticket_id) VALUES (25,'Tracy',19,'Standard',20,'2025-03-06',25);
INSERT INTO visitors (visitor_id,name,age,ticket_type,ticket_price,visit_date,ticket_id) VALUES (26,'Foxtrot',14,'VIP',50,'2025-02-23',26);
INSERT INTO visitors (visitor_id,name,age,ticket_type,ticket_price,visit_date,ticket_id) VALUES (27,'Emma',12,'Child',10,'2025-02-24',27);
INSERT INTO visitors (visitor_id,name,age,ticket_type,ticket_price,visit_date,ticket_id) VALUES (28,'Dani',6,'Senior',10,'2025-03-05',28);
INSERT INTO visitors (visitor_id,name,age,ticket_type,ticket_price,visit_date,ticket_id) VALUES (29,'Foxtrot',29,'Senior',10,'2025-02-18',29);
INSERT INTO visitors (visitor_id,name,age,ticket_type,ticket_price,visit_date,ticket_id) VALUES (30,'Brandon',64,'Child',10,'2025-03-08',30);
INSERT INTO visitors (visitor_id,name,age,ticket_type,ticket_price,visit_date,ticket_id) VALUES (31,'Sheldon',45,'VIP',50,'2025-02-13',31);
INSERT INTO visitors (visitor_id,name,age,ticket_type,ticket_price,visit_date,ticket_id) VALUES (32,'Brandon',43,'Standard',20,'2025-03-05',32);
INSERT INTO visitors (visitor_id,name,age,ticket_type,ticket_price,visit_date,ticket_id) VALUES (33,'Foxtrot',14,'Senior',10,'2025-02-21',33);
INSERT INTO visitors (visitor_id,name,age,ticket_type,ticket_price,visit_date,ticket_id) VALUES (34,'Emma',28,'Child',10,'2025-03-07',34);
INSERT INTO visitors (visitor_id,name,age,ticket_type,ticket_price,visit_date,ticket_id) VALUES (35,'Sheldon',9,'VIP',50,'2025-02-10',35);
INSERT INTO visitors (visitor_id,name,age,ticket_type,ticket_price,visit_date,ticket_id) VALUES (36,'Emily',18,'Standard',20,'2025-02-17',36);
INSERT INTO visitors (visitor_id,name,age,ticket_type,ticket_price,visit_date,ticket_id) VALUES (37,'Alice',33,'Standard',20,'2025-02-24',37);
INSERT INTO visitors (visitor_id,name,age,ticket_type,ticket_price,visit_date,ticket_id) VALUES (38,'Emily',36,'VIP',50,'2025-02-14',38);
INSERT INTO visitors (visitor_id,name,age,ticket_type,ticket_price,visit_date,ticket_id) VALUES (39,'Foxtrot',64,'Senior',10,'2025-03-11',39);
INSERT INTO visitors (visitor_id,name,age,ticket_type,ticket_price,visit_date,ticket_id) VALUES (40,'Sheldon',62,'Child',10,'2025-02-25',40);
INSERT INTO visitors (visitor_id,name,age,ticket_type,ticket_price,visit_date,ticket_id) VALUES (41,'George',26,'Standard',20,'2025-03-10',41);
INSERT INTO visitors (visitor_id,name,age,ticket_type,ticket_price,visit_date,ticket_id) VALUES (42,'Brandon',57,'VIP',50,'2025-02-23',42);
INSERT INTO visitors (visitor_id,name,age,ticket_type,ticket_price,visit_date,ticket_id) VALUES (43,'George',55,'Senior',10,'2025-02-25',43);
INSERT INTO visitors (visitor_id,name,age,ticket_type,ticket_price,visit_date,ticket_id) VALUES (44,'Alice',37,'Senior',10,'2025-03-02',44);
INSERT INTO visitors (visitor_id,name,age,ticket_type,ticket_price,visit_date,ticket_id) VALUES (45,'Tony',37,'Child',10,'2025-03-11',45);
INSERT INTO visitors (visitor_id,name,age,ticket_type,ticket_price,visit_date,ticket_id) VALUES (46,'Charlie',10,'VIP',50,'2025-03-02',46);
INSERT INTO visitors (visitor_id,name,age,ticket_type,ticket_price,visit_date,ticket_id) VALUES (47,'Sheldon',44,'Senior',10,'2025-02-18',47);
INSERT INTO visitors (visitor_id,name,age,ticket_type,ticket_price,visit_date,ticket_id) VALUES (48,'Emma',40,'Senior',10,'2025-02-16',48);
INSERT INTO visitors (visitor_id,name,age,ticket_type,ticket_price,visit_date,ticket_id) VALUES (49,'George',21,'Senior',10,'2025-02-24',49);
INSERT INTO visitors (visitor_id,name,age,ticket_type,ticket_price,visit_date,ticket_id) VALUES (50,'Tracy',10,'Standard',20,'2025-02-13',50);
INSERT INTO visitors (visitor_id,name,age,ticket_type,ticket_price,visit_date,ticket_id) VALUES (51,'Foxtrot',10,'VIP',50,'2025-02-12',51);
INSERT INTO visitors (visitor_id,name,age,ticket_type,ticket_price,visit_date,ticket_id) VALUES (52,'Alice',41,'Child',10,'2025-02-23',52);
INSERT INTO visitors (visitor_id,name,age,ticket_type,ticket_price,visit_date,ticket_id) VALUES (53,'Grace',56,'Standard',20,'2025-03-05',53);
INSERT INTO visitors (visitor_id,name,age,ticket_type,ticket_price,visit_date,ticket_id) VALUES (54,'Emily',10,'Senior',10,'2025-03-07',54);
INSERT INTO visitors (visitor_id,name,age,ticket_type,ticket_price,visit_date,ticket_id) VALUES (55,'George',59,'Standard',20,'2025-03-10',55);
INSERT INTO visitors (visitor_id,name,age,ticket_type,ticket_price,visit_date,ticket_id) VALUES (56,'Dani',47,'Senior',10,'2025-02-14',56);
INSERT INTO visitors (visitor_id,name,age,ticket_type,ticket_price,visit_date,ticket_id) VALUES (57,'Hannah',54,'VIP',50,'2025-02-15',57);
INSERT INTO visitors (visitor_id,name,age,ticket_type,ticket_price,visit_date,ticket_id) VALUES (58,'Emma',55,'Child',10,'2025-02-12',58);
INSERT INTO visitors (visitor_id,name,age,ticket_type,ticket_price,visit_date,ticket_id) VALUES (59,'Foxtrot',16,'Child',10,'2025-03-03',59);
INSERT INTO visitors (visitor_id,name,age,ticket_type,ticket_price,visit_date,ticket_id) VALUES (60,'Tony',10,'Standard',20,'2025-02-20',60);
INSERT INTO visitors (visitor_id,name,age,ticket_type,ticket_price,visit_date,ticket_id) VALUES (61,'Emma',35,'Standard',20,'2025-02-23',61);
INSERT INTO visitors (visitor_id,name,age,ticket_type,ticket_price,visit_date,ticket_id) VALUES (62,'Frank',42,'Senior',10,'2025-03-07',62);
INSERT INTO visitors (visitor_id,name,age,ticket_type,ticket_price,visit_date,ticket_id) VALUES (63,'Foxtrot',29,'Senior',10,'2025-02-22',63);
INSERT INTO visitors (visitor_id,name,age,ticket_type,ticket_price,visit_date,ticket_id) VALUES (64,'Alice',48,'Senior',10,'2025-02-16',64);
INSERT INTO visitors (visitor_id,name,age,ticket_type,ticket_price,visit_date,ticket_id) VALUES (65,'Dani',16,'Senior',10,'2025-03-10',65);
INSERT INTO visitors (visitor_id,name,age,ticket_type,ticket_price,visit_date,ticket_id) VALUES (66,'Tracy',51,'Child',10,'2025-02-23',66);
INSERT INTO visitors (visitor_id,name,age,ticket_type,ticket_price,visit_date,ticket_id) VALUES (67,'Tracy',48,'Senior',10,'2025-02-25',67);
INSERT INTO visitors (visitor_id,name,age,ticket_type,ticket_price,visit_date,ticket_id) VALUES (68,'Alice',43,'Senior',10,'2025-02-14',68);
INSERT INTO visitors (visitor_id,name,age,ticket_type,ticket_price,visit_date,ticket_id) VALUES (69,'Charlie',51,'Senior',10,'2025-03-10',69);
INSERT INTO visitors (visitor_id,name,age,ticket_type,ticket_price,visit_date,ticket_id) VALUES (70,'Tony',63,'Standard',20,'2025-02-26',70);
INSERT INTO visitors (visitor_id,name,age,ticket_type,ticket_price,visit_date,ticket_id) VALUES (71,'Grace',22,'Child',10,'2025-03-10',71);
INSERT INTO visitors (visitor_id,name,age,ticket_type,ticket_price,visit_date,ticket_id) VALUES (72,'Pablo',36,'Standard',20,'2025-03-09',72);
INSERT INTO visitors (visitor_id,name,age,ticket_type,ticket_price,visit_date,ticket_id) VALUES (73,'Hannah',42,'Standard',20,'2025-02-10',73);
INSERT INTO visitors (visitor_id,name,age,ticket_type,ticket_price,visit_date,ticket_id) VALUES (74,'Emma',35,'Standard',20,'2025-03-03',74);
INSERT INTO visitors (visitor_id,name,age,ticket_type,ticket_price,visit_date,ticket_id) VALUES (75,'George',56,'Child',10,'2025-03-01',75);
INSERT INTO visitors (visitor_id,name,age,ticket_type,ticket_price,visit_date,ticket_id) VALUES (76,'Foxtrot',38,'Senior',10,'2025-02-09',76);
INSERT INTO visitors (visitor_id,name,age,ticket_type,ticket_price,visit_date,ticket_id) VALUES (77,'Foxtrot',38,'Child',10,'2025-03-10',77);
INSERT INTO visitors (visitor_id,name,age,ticket_type,ticket_price,visit_date,ticket_id) VALUES (78,'Alice',24,'VIP',50,'2025-02-16',78);
INSERT INTO visitors (visitor_id,name,age,ticket_type,ticket_price,visit_date,ticket_id) VALUES (79,'Foxtrot',44,'VIP',50,'2025-03-04',79);
INSERT INTO visitors (visitor_id,name,age,ticket_type,ticket_price,visit_date,ticket_id) VALUES (80,'Emily',30,'Standard',20,'2025-03-08',80);
INSERT INTO visitors (visitor_id,name,age,ticket_type,ticket_price,visit_date,ticket_id) VALUES (81,'Quinn',59,'Standard',20,'2025-02-16',81);
INSERT INTO visitors (visitor_id,name,age,ticket_type,ticket_price,visit_date,ticket_id) VALUES (82,'Hannah',44,'VIP',50,'2025-02-25',82);
INSERT INTO visitors (visitor_id,name,age,ticket_type,ticket_price,visit_date,ticket_id) VALUES (83,'George',59,'VIP',50,'2025-02-17',83);
INSERT INTO visitors (visitor_id,name,age,ticket_type,ticket_price,visit_date,ticket_id) VALUES (84,'Tony',23,'Senior',10,'2025-02-10',84);
INSERT INTO visitors (visitor_id,name,age,ticket_type,ticket_price,visit_date,ticket_id) VALUES (85,'Grace',34,'Senior',10,'2025-02-25',85);
INSERT INTO visitors (visitor_id,name,age,ticket_type,ticket_price,visit_date,ticket_id) VALUES (86,'Grace',32,'Child',10,'2025-03-11',86);
INSERT INTO visitors (visitor_id,name,age,ticket_type,ticket_price,visit_date,ticket_id) VALUES (87,'Grace',12,'Senior',10,'2025-02-20',87);
INSERT INTO visitors (visitor_id,name,age,ticket_type,ticket_price,visit_date,ticket_id) VALUES (88,'Dani',33,'Senior',10,'2025-02-14',88);
INSERT INTO visitors (visitor_id,name,age,ticket_type,ticket_price,visit_date,ticket_id) VALUES (89,'Pablo',31,'Senior',10,'2025-03-06',89);
INSERT INTO visitors (visitor_id,name,age,ticket_type,ticket_price,visit_date,ticket_id) VALUES (90,'Pablo',6,'Senior',10,'2025-02-27',90);
INSERT INTO visitors (visitor_id,name,age,ticket_type,ticket_price,visit_date,ticket_id) VALUES (91,'Pablo',61,'Senior',10,'2025-03-10',91);
INSERT INTO visitors (visitor_id,name,age,ticket_type,ticket_price,visit_date,ticket_id) VALUES (92,'Sheldon',56,'Standard',20,'2025-02-19',92);
INSERT INTO visitors (visitor_id,name,age,ticket_type,ticket_price,visit_date,ticket_id) VALUES (93,'Frank',10,'Child',10,'2025-02-25',93);
INSERT INTO visitors (visitor_id,name,age,ticket_type,ticket_price,visit_date,ticket_id) VALUES (94,'Alice',7,'VIP',50,'2025-03-05',94);
INSERT INTO visitors (visitor_id,name,age,ticket_type,ticket_price,visit_date,ticket_id) VALUES (95,'David',36,'VIP',50,'2025-03-10',95);
INSERT INTO visitors (visitor_id,name,age,ticket_type,ticket_price,visit_date,ticket_id) VALUES (96,'Grace',38,'VIP',50,'2025-02-23',96);
INSERT INTO visitors (visitor_id,name,age,ticket_type,ticket_price,visit_date,ticket_id) VALUES (97,'Tracy',28,'Child',10,'2025-02-19',97);
INSERT INTO visitors (visitor_id,name,age,ticket_type,ticket_price,visit_date,ticket_id) VALUES (98,'Dani',27,'VIP',50,'2025-03-06',98);
INSERT INTO visitors (visitor_id,name,age,ticket_type,ticket_price,visit_date,ticket_id) VALUES (99,'Hannah',29,'Standard',20,'2025-03-02',99);
INSERT INTO visitors (visitor_id,name,age,ticket_type,ticket_price,visit_date,ticket_id) VALUES (100,'Hannah',59,'Child',10,'2025-02-09',100);
INSERT INTO employees(employee_id,name,role,salary,shift_start,shift_end)VALUES(1,'Misa','Ride Operator',2842,'10:00:00','18:00:00');
INSERT INTO employees(employee_id,name,role,salary,shift_start,shift_end)VALUES(2,'Martin','Cashier',2604,'11:00:00','19:00:00');
INSERT INTO employees(employee_id,name,role,salary,shift_start,shift_end)VALUES(3,'Emily','Manager',6916,'11:00:00','19:00:00');
INSERT INTO employees(employee_id,name,role,salary,shift_start,shift_end)VALUES(4,'Chris','Ride Operator',2842,'09:00:00','17:00:00');
INSERT INTO employees(employee_id,name,role,salary,shift_start,shift_end)VALUES(5,'Jennifer','Ride Operator',2842,'12:00:00','20:00:00');
INSERT INTO employees(employee_id,name,role,salary,shift_start,shift_end)VALUES(6,'Eve','Manager',6916,'14:00:00','22:00:00');
INSERT INTO employees(employee_id,name,role,salary,shift_start,shift_end)VALUES(7,'Barbara','Manager',6916,'10:00:00','18:00:00');
INSERT INTO employees(employee_id,name,role,salary,shift_start,shift_end)VALUES(8,'Brandon','Manager',6916,'09:00:00','17:00:00');
INSERT INTO employees(employee_id,name,role,salary,shift_start,shift_end)VALUES(9,'Eve','Ride Operator',2842,'09:00:00','17:00:00');
INSERT INTO employees(employee_id,name,role,salary,shift_start,shift_end)VALUES(10,'Lisa','Manager',6916,'08:00:00','16:00:00');
INSERT INTO employees(employee_id,name,role,salary,shift_start,shift_end)VALUES(11,'Barbara','Cashier',2604,'12:00:00','20:00:00');
INSERT INTO employees(employee_id,name,role,salary,shift_start,shift_end)VALUES(12,'Jack','Ride Operator',2842,'13:00:00','21:00:00');
INSERT INTO employees(employee_id,name,role,salary,shift_start,shift_end)VALUES(13,'Jared','Ride Operator',2842,'13:00:00','21:00:00');
INSERT INTO employees(employee_id,name,role,salary,shift_start,shift_end)VALUES(14,'Peter','Technician',3038,'14:00:00','22:00:00');
INSERT INTO employees(employee_id,name,role,salary,shift_start,shift_end)VALUES(15,'Katie','Technician',3038,'07:00:00','15:00:00');
INSERT INTO employees(employee_id,name,role,salary,shift_start,shift_end)VALUES(16,'Katie','Ride Operator',2842,'08:00:00','16:00:00');
INSERT INTO employees(employee_id,name,role,salary,shift_start,shift_end)VALUES(17,'Katie','Technician',3038,'11:00:00','19:00:00');
INSERT INTO employees(employee_id,name,role,salary,shift_start,shift_end)VALUES(18,'Chris','Technician',3038,'10:00:00','18:00:00');
INSERT INTO employees(employee_id,name,role,salary,shift_start,shift_end)VALUES(19,'Sarah','Ride Operator',2842,'08:00:00','16:00:00');
INSERT INTO employees(employee_id,name,role,salary,shift_start,shift_end)VALUES(20,'Eve','Technician',3038,'12:00:00','20:00:00');
INSERT INTO employees(employee_id,name,role,salary,shift_start,shift_end)VALUES(21,'Brandon','Technician',3038,'08:00:00','16:00:00');
INSERT INTO employees(employee_id,name,role,salary,shift_start,shift_end)VALUES(22,'Misa','Cashier',2604,'09:00:00','17:00:00');
INSERT INTO employees(employee_id,name,role,salary,shift_start,shift_end)VALUES(23,'Ivan','Technician',3038,'10:00:00','18:00:00');
INSERT INTO employees(employee_id,name,role,salary,shift_start,shift_end)VALUES(24,'Martin','Manager',6916,'06:00:00','14:00:00');
INSERT INTO employees(employee_id,name,role,salary,shift_start,shift_end)VALUES(25,'Brandon','Cashier',2604,'11:00:00','19:00:00');
INSERT INTO employees(employee_id,name,role,salary,shift_start,shift_end)VALUES(26,'Martin','Technician',3038,'11:00:00','19:00:00');
INSERT INTO employees(employee_id,name,role,salary,shift_start,shift_end)VALUES(27,'Eve','Manager',6916,'11:00:00','19:00:00');
INSERT INTO employees(employee_id,name,role,salary,shift_start,shift_end)VALUES(28,'Jennifer','Cashier',2604,'14:00:00','22:00:00');
INSERT INTO employees(employee_id,name,role,salary,shift_start,shift_end)VALUES(29,'Chris','Cashier',2604,'12:00:00','20:00:00');
INSERT INTO employees(employee_id,name,role,salary,shift_start,shift_end)VALUES(30,'Jennifer','Cashier',2604,'10:00:00','18:00:00');
INSERT INTO employees(employee_id,name,role,salary,shift_start,shift_end)VALUES(31,'Eve','Ride Operator',2842,'11:00:00','19:00:00');
INSERT INTO employees(employee_id,name,role,salary,shift_start,shift_end)VALUES(32,'Jennifer','Ride Operator',2842,'11:00:00','19:00:00');
INSERT INTO employees(employee_id,name,role,salary,shift_start,shift_end)VALUES(33,'Misa','Technician',3038,'12:00:00','20:00:00');
INSERT INTO employees(employee_id,name,role,salary,shift_start,shift_end)VALUES(34,'Jared','Manager',6916,'12:00:00','20:00:00');
INSERT INTO employees(employee_id,name,role,salary,shift_start,shift_end)VALUES(35,'Martin','Ride Operator',2842,'10:00:00','18:00:00');
INSERT INTO employees(employee_id,name,role,salary,shift_start,shift_end)VALUES(36,'Chris','Ride Operator',2842,'12:00:00','20:00:00');
INSERT INTO employees(employee_id,name,role,salary,shift_start,shift_end)VALUES(37,'Sarah','Cashier',2604,'06:00:00','14:00:00');
INSERT INTO employees(employee_id,name,role,salary,shift_start,shift_end)VALUES(38,'Eve','Manager',6916,'09:00:00','17:00:00');
INSERT INTO employees(employee_id,name,role,salary,shift_start,shift_end)VALUES(39,'Sarah','Technician',3038,'12:00:00','20:00:00');
INSERT INTO employees(employee_id,name,role,salary,shift_start,shift_end)VALUES(40,'Martin','Technician',3038,'13:00:00','21:00:00');
INSERT INTO employees(employee_id,name,role,salary,shift_start,shift_end)VALUES(41,'Barbara','Manager',6916,'07:00:00','15:00:00');
INSERT INTO employees(employee_id,name,role,salary,shift_start,shift_end)VALUES(42,'John','Technician',3038,'08:00:00','16:00:00');
INSERT INTO employees(employee_id,name,role,salary,shift_start,shift_end)VALUES(43,'Ivan','Cashier',2604,'06:00:00','14:00:00');
INSERT INTO employees(employee_id,name,role,salary,shift_start,shift_end)VALUES(44,'Emily','Technician',3038,'06:00:00','14:00:00');
INSERT INTO employees(employee_id,name,role,salary,shift_start,shift_end)VALUES(45,'Chris','Ride Operator',2842,'08:00:00','16:00:00');
INSERT INTO employees(employee_id,name,role,salary,shift_start,shift_end)VALUES(46,'Jennifer','Cashier',2604,'07:00:00','15:00:00');
INSERT INTO employees(employee_id,name,role,salary,shift_start,shift_end)VALUES(47,'Sarah','Manager',6916,'10:00:00','18:00:00');
INSERT INTO employees(employee_id,name,role,salary,shift_start,shift_end)VALUES(48,'John','Manager',6916,'11:00:00','19:00:00');
INSERT INTO employees(employee_id,name,role,salary,shift_start,shift_end)VALUES(49,'Emily','Cashier',2604,'14:00:00','22:00:00');
INSERT INTO employees(employee_id,name,role,salary,shift_start,shift_end)VALUES(50,'Misa','Manager',6916,'10:00:00','18:00:00');
INSERT INTO attractions (attraction_id,name,status,capacity,employee_id) VALUES (1,'Roller Coaster','Closed',18,5);
INSERT INTO attractions (attraction_id,name,status,capacity,employee_id) VALUES (2,'Haunted House','Closed',23,31);
INSERT INTO attractions (attraction_id,name,status,capacity,employee_id) VALUES (3,'Ferris Wheel','Closed',11,13);
INSERT INTO attractions (attraction_id,name,status,capacity,employee_id) VALUES (4,'Bumper Cars','Closed',32,32);
INSERT INTO attractions (attraction_id,name,status,capacity,employee_id) VALUES (5,'Funhouse','Closed',39,12);
INSERT INTO attractions (attraction_id,name,status,capacity,employee_id) VALUES (6,'Pendelum Ride','Under Maintenance',10,45);
INSERT INTO visits (visitor_id, attraction_id, visit_date)VALUES (46,2, '2025-02-10');
INSERT INTO visits (visitor_id, attraction_id, visit_date)VALUES (69,5, '2025-02-09');
INSERT INTO visits (visitor_id, attraction_id, visit_date)VALUES (73,6, '2025-03-07');
INSERT INTO visits (visitor_id, attraction_id, visit_date)VALUES (70,6, '2025-02-21');
INSERT INTO visits (visitor_id, attraction_id, visit_date)VALUES (10,2, '2025-03-01');
INSERT INTO visits (visitor_id, attraction_id, visit_date)VALUES (75,5, '2025-02-11');
INSERT INTO visits (visitor_id, attraction_id, visit_date)VALUES (85,1, '2025-02-10');
INSERT INTO visits (visitor_id, attraction_id, visit_date)VALUES (15,5, '2025-03-11');
INSERT INTO visits (visitor_id, attraction_id, visit_date)VALUES (32,4, '2025-03-07');
INSERT INTO visits (visitor_id, attraction_id, visit_date)VALUES (82,3, '2025-02-17');
INSERT INTO visits (visitor_id, attraction_id, visit_date)VALUES (15,4, '2025-02-16');
INSERT INTO visits (visitor_id, attraction_id, visit_date)VALUES (1,6, '2025-03-03');
INSERT INTO visits (visitor_id, attraction_id, visit_date)VALUES (98,4, '2025-02-25');
INSERT INTO visits (visitor_id, attraction_id, visit_date)VALUES (90,5, '2025-03-09');
INSERT INTO visits (visitor_id, attraction_id, visit_date)VALUES (86,1, '2025-02-23');
INSERT INTO visits (visitor_id, attraction_id, visit_date)VALUES (60,2, '2025-02-10');
INSERT INTO visits (visitor_id, attraction_id, visit_date)VALUES (34,1, '2025-03-11');
INSERT INTO visits (visitor_id, attraction_id, visit_date)VALUES (90,5, '2025-02-11');
INSERT INTO visits (visitor_id, attraction_id, visit_date)VALUES (98,5, '2025-03-02');
INSERT INTO visits (visitor_id, attraction_id, visit_date)VALUES (27,1, '2025-02-11');
INSERT INTO visits (visitor_id, attraction_id, visit_date)VALUES (95,4, '2025-02-20');
INSERT INTO visits (visitor_id, attraction_id, visit_date)VALUES (83,2, '2025-03-10');
INSERT INTO visits (visitor_id, attraction_id, visit_date)VALUES (56,3, '2025-02-14');
INSERT INTO visits (visitor_id, attraction_id, visit_date)VALUES (25,2, '2025-03-09');
INSERT INTO visits (visitor_id, attraction_id, visit_date)VALUES (41,5, '2025-02-09');
INSERT INTO visits (visitor_id, attraction_id, visit_date)VALUES (13,6, '2025-02-27');
INSERT INTO visits (visitor_id, attraction_id, visit_date)VALUES (66,3, '2025-03-10');
INSERT INTO visits (visitor_id, attraction_id, visit_date)VALUES (39,6, '2025-02-26');
INSERT INTO visits (visitor_id, attraction_id, visit_date)VALUES (14,4, '2025-03-11');
INSERT INTO visits (visitor_id, attraction_id, visit_date)VALUES (28,5, '2025-03-09');
INSERT INTO visits (visitor_id, attraction_id, visit_date)VALUES (15,2, '2025-02-24');
INSERT INTO visits (visitor_id, attraction_id, visit_date)VALUES (21,5, '2025-02-26');
INSERT INTO visits (visitor_id, attraction_id, visit_date)VALUES (82,6, '2025-02-19');
INSERT INTO visits (visitor_id, attraction_id, visit_date)VALUES (85,2, '2025-02-21');
INSERT INTO visits (visitor_id, attraction_id, visit_date)VALUES (56,1, '2025-02-26');
INSERT INTO visits (visitor_id, attraction_id, visit_date)VALUES (59,5, '2025-02-12');
INSERT INTO visits (visitor_id, attraction_id, visit_date)VALUES (87,4, '2025-03-02');
INSERT INTO visits (visitor_id, attraction_id, visit_date)VALUES (63,6, '2025-02-25');
INSERT INTO visits (visitor_id, attraction_id, visit_date)VALUES (91,6, '2025-03-10');
INSERT INTO visits (visitor_id, attraction_id, visit_date)VALUES (36,5, '2025-02-17');
INSERT INTO visits (visitor_id, attraction_id, visit_date)VALUES (97,2, '2025-02-20');
INSERT INTO visits (visitor_id, attraction_id, visit_date)VALUES (49,6, '2025-02-20');
INSERT INTO visits (visitor_id, attraction_id, visit_date)VALUES (96,6, '2025-02-22');
INSERT INTO visits (visitor_id, attraction_id, visit_date)VALUES (67,6, '2025-03-02');
INSERT INTO visits (visitor_id, attraction_id, visit_date)VALUES (29,1, '2025-02-19');
INSERT INTO visits (visitor_id, attraction_id, visit_date)VALUES (38,4, '2025-02-16');
INSERT INTO visits (visitor_id, attraction_id, visit_date)VALUES (34,2, '2025-03-08');
INSERT INTO visits (visitor_id, attraction_id, visit_date)VALUES (6,3, '2025-02-12');
INSERT INTO visits (visitor_id, attraction_id, visit_date)VALUES (27,5, '2025-02-12');
INSERT INTO visits (visitor_id, attraction_id, visit_date)VALUES (35,5, '2025-02-20');
INSERT INTO visits (visitor_id, attraction_id, visit_date)VALUES (43,6, '2025-03-08');
INSERT INTO visits (visitor_id, attraction_id, visit_date)VALUES (97,3, '2025-02-25');
INSERT INTO visits (visitor_id, attraction_id, visit_date)VALUES (77,1, '2025-03-08');
INSERT INTO visits (visitor_id, attraction_id, visit_date)VALUES (19,2, '2025-02-13');
INSERT INTO visits (visitor_id, attraction_id, visit_date)VALUES (50,2, '2025-02-17');
INSERT INTO visits (visitor_id, attraction_id, visit_date)VALUES (1,5, '2025-03-01');
INSERT INTO visits (visitor_id, attraction_id, visit_date)VALUES (47,2, '2025-02-18');
INSERT INTO visits (visitor_id, attraction_id, visit_date)VALUES (39,6, '2025-02-13');
INSERT INTO visits (visitor_id, attraction_id, visit_date)VALUES (60,4, '2025-03-03');
INSERT INTO visits (visitor_id, attraction_id, visit_date)VALUES (65,1, '2025-03-06');
INSERT INTO visits (visitor_id, attraction_id, visit_date)VALUES (95,3, '2025-03-10');
INSERT INTO visits (visitor_id, attraction_id, visit_date)VALUES (100,4, '2025-02-27');
INSERT INTO visits (visitor_id, attraction_id, visit_date)VALUES (52,5, '2025-02-23');
INSERT INTO visits (visitor_id, attraction_id, visit_date)VALUES (24,5, '2025-03-01');
INSERT INTO visits (visitor_id, attraction_id, visit_date)VALUES (94,6, '2025-03-09');
INSERT INTO visits (visitor_id, attraction_id, visit_date)VALUES (34,5, '2025-02-12');
INSERT INTO visits (visitor_id, attraction_id, visit_date)VALUES (24,1, '2025-03-08');
INSERT INTO visits (visitor_id, attraction_id, visit_date)VALUES (65,1, '2025-02-26');
INSERT INTO visits (visitor_id, attraction_id, visit_date)VALUES (51,5, '2025-02-18');
INSERT INTO visits (visitor_id, attraction_id, visit_date)VALUES (6,5, '2025-03-07');
INSERT INTO visits (visitor_id, attraction_id, visit_date)VALUES (22,4, '2025-02-28');
INSERT INTO visits (visitor_id, attraction_id, visit_date)VALUES (59,4, '2025-02-22');
INSERT INTO visits (visitor_id, attraction_id, visit_date)VALUES (69,5, '2025-02-22');
INSERT INTO visits (visitor_id, attraction_id, visit_date)VALUES (71,1, '2025-03-05');
INSERT INTO visits (visitor_id, attraction_id, visit_date)VALUES (14,1, '2025-02-10');
INSERT INTO visits (visitor_id, attraction_id, visit_date)VALUES (82,1, '2025-02-10');
INSERT INTO visits (visitor_id, attraction_id, visit_date)VALUES (60,6, '2025-03-05');
INSERT INTO visits (visitor_id, attraction_id, visit_date)VALUES (8,6, '2025-02-11');
INSERT INTO visits (visitor_id, attraction_id, visit_date)VALUES (5,2, '2025-02-11');
INSERT INTO visits (visitor_id, attraction_id, visit_date)VALUES (43,2, '2025-03-05');
INSERT INTO visits (visitor_id, attraction_id, visit_date)VALUES (100,6, '2025-03-11');
INSERT INTO visits (visitor_id, attraction_id, visit_date)VALUES (34,1, '2025-02-28');
INSERT INTO visits (visitor_id, attraction_id, visit_date)VALUES (99,1, '2025-02-25');
INSERT INTO visits (visitor_id, attraction_id, visit_date)VALUES (44,3, '2025-02-09');
INSERT INTO visits (visitor_id, attraction_id, visit_date)VALUES (68,3, '2025-03-10');
INSERT INTO visits (visitor_id, attraction_id, visit_date)VALUES (79,6, '2025-02-18');
INSERT INTO visits (visitor_id, attraction_id, visit_date)VALUES (68,6, '2025-02-26');
INSERT INTO visits (visitor_id, attraction_id, visit_date)VALUES (81,2, '2025-03-05');
INSERT INTO visits (visitor_id, attraction_id, visit_date)VALUES (94,1, '2025-02-26');
INSERT INTO visits (visitor_id, attraction_id, visit_date)VALUES (38,4, '2025-02-10');
INSERT INTO visits (visitor_id, attraction_id, visit_date)VALUES (43,3, '2025-02-09');
INSERT INTO visits (visitor_id, attraction_id, visit_date)VALUES (32,1, '2025-02-23');
INSERT INTO visits (visitor_id, attraction_id, visit_date)VALUES (97,2, '2025-02-16');
INSERT INTO visits (visitor_id, attraction_id, visit_date)VALUES (60,4, '2025-03-07');
INSERT INTO visits (visitor_id, attraction_id, visit_date)VALUES (49,1, '2025-02-18');
INSERT INTO visits (visitor_id, attraction_id, visit_date)VALUES (3,2, '2025-03-02');
INSERT INTO visits (visitor_id, attraction_id, visit_date)VALUES (93,4, '2025-02-26');
INSERT INTO visits (visitor_id, attraction_id, visit_date)VALUES (1,3, '2025-02-22');
INSERT INTO visits (visitor_id, attraction_id, visit_date)VALUES (17,2, '2025-02-18');
INSERT INTO visits (visitor_id, attraction_id, visit_date)VALUES (31,6, '2025-03-04');
INSERT INTO visits (visitor_id, attraction_id, visit_date)VALUES (36,6, '2025-03-04');
INSERT INTO visits (visitor_id, attraction_id, visit_date)VALUES (59,4, '2025-02-26');
INSERT INTO visits (visitor_id, attraction_id, visit_date)VALUES (50,3, '2025-02-26');
INSERT INTO visits (visitor_id, attraction_id, visit_date)VALUES (47,3, '2025-02-18');
INSERT INTO visits (visitor_id, attraction_id, visit_date)VALUES (61,6, '2025-03-11');
INSERT INTO visits (visitor_id, attraction_id, visit_date)VALUES (82,2, '2025-02-12');
INSERT INTO visits (visitor_id, attraction_id, visit_date)VALUES (65,6, '2025-02-10');
INSERT INTO visits (visitor_id, attraction_id, visit_date)VALUES (90,3, '2025-03-11');
INSERT INTO visits (visitor_id, attraction_id, visit_date)VALUES (29,2, '2025-02-09');
INSERT INTO visits (visitor_id, attraction_id, visit_date)VALUES (82,6, '2025-03-05');
INSERT INTO visits (visitor_id, attraction_id, visit_date)VALUES (90,5, '2025-02-24');
INSERT INTO visits (visitor_id, attraction_id, visit_date)VALUES (4,6, '2025-02-28');
INSERT INTO visits (visitor_id, attraction_id, visit_date)VALUES (29,4, '2025-02-10');
INSERT INTO visits (visitor_id, attraction_id, visit_date)VALUES (36,5, '2025-02-12');
INSERT INTO visits (visitor_id, attraction_id, visit_date)VALUES (26,6, '2025-03-07');
INSERT INTO visits (visitor_id, attraction_id, visit_date)VALUES (95,2, '2025-03-04');
INSERT INTO visits (visitor_id, attraction_id, visit_date)VALUES (39,3, '2025-02-17');
INSERT INTO visits (visitor_id, attraction_id, visit_date)VALUES (10,4, '2025-03-04');
INSERT INTO visits (visitor_id, attraction_id, visit_date)VALUES (4,5, '2025-02-14');
INSERT INTO visits (visitor_id, attraction_id, visit_date)VALUES (60,2, '2025-02-24');
INSERT INTO visits (visitor_id, attraction_id, visit_date)VALUES (95,6, '2025-02-20');
INSERT INTO visits (visitor_id, attraction_id, visit_date)VALUES (2,6, '2025-03-08');
INSERT INTO visits (visitor_id, attraction_id, visit_date)VALUES (75,2, '2025-02-09');
INSERT INTO visits (visitor_id, attraction_id, visit_date)VALUES (18,4, '2025-03-08');
INSERT INTO visits (visitor_id, attraction_id, visit_date)VALUES (78,5, '2025-03-04');
INSERT INTO visits (visitor_id, attraction_id, visit_date)VALUES (78,1, '2025-03-06');
INSERT INTO visits (visitor_id, attraction_id, visit_date)VALUES (36,1, '2025-02-25');
INSERT INTO visits (visitor_id, attraction_id, visit_date)VALUES (62,1, '2025-02-18');
INSERT INTO visits (visitor_id, attraction_id, visit_date)VALUES (18,1, '2025-02-21');
INSERT INTO visits (visitor_id, attraction_id, visit_date)VALUES (18,5, '2025-02-19');
INSERT INTO visits (visitor_id, attraction_id, visit_date)VALUES (68,3, '2025-02-28');
INSERT INTO visits (visitor_id, attraction_id, visit_date)VALUES (48,3, '2025-02-26');
INSERT INTO visits (visitor_id, attraction_id, visit_date)VALUES (79,2, '2025-02-28');
INSERT INTO visits (visitor_id, attraction_id, visit_date)VALUES (52,4, '2025-02-22');
INSERT INTO visits (visitor_id, attraction_id, visit_date)VALUES (80,1, '2025-03-09');
INSERT INTO visits (visitor_id, attraction_id, visit_date)VALUES (39,6, '2025-02-22');
INSERT INTO visits (visitor_id, attraction_id, visit_date)VALUES (91,2, '2025-02-22');
INSERT INTO visits (visitor_id, attraction_id, visit_date)VALUES (60,4, '2025-02-09');
INSERT INTO visits (visitor_id, attraction_id, visit_date)VALUES (63,1, '2025-03-09');
INSERT INTO visits (visitor_id, attraction_id, visit_date)VALUES (22,5, '2025-03-01');
INSERT INTO visits (visitor_id, attraction_id, visit_date)VALUES (75,4, '2025-02-15');
INSERT INTO visits (visitor_id, attraction_id, visit_date)VALUES (59,4, '2025-02-13');
INSERT INTO visits (visitor_id, attraction_id, visit_date)VALUES (79,2, '2025-02-20');
INSERT INTO visits (visitor_id, attraction_id, visit_date)VALUES (58,6, '2025-02-13');
INSERT INTO visits (visitor_id, attraction_id, visit_date)VALUES (79,2, '2025-02-21');
INSERT INTO visits (visitor_id, attraction_id, visit_date)VALUES (28,6, '2025-02-12');
INSERT INTO visits (visitor_id, attraction_id, visit_date)VALUES (8,5, '2025-02-27');
INSERT INTO visits (visitor_id, attraction_id, visit_date)VALUES (12,1, '2025-02-28');
INSERT INTO visits (visitor_id, attraction_id, visit_date)VALUES (1,1, '2025-02-11');
INSERT INTO visits (visitor_id, attraction_id, visit_date)VALUES (33,1, '2025-02-23');
INSERT INTO visits (visitor_id, attraction_id, visit_date)VALUES (79,5, '2025-02-09');
INSERT INTO visits (visitor_id, attraction_id, visit_date)VALUES (54,6, '2025-02-27');
INSERT INTO visits (visitor_id, attraction_id, visit_date)VALUES (57,6, '2025-02-24');
INSERT INTO visits (visitor_id, attraction_id, visit_date)VALUES (31,3, '2025-02-24');
INSERT INTO visits (visitor_id, attraction_id, visit_date)VALUES (56,4, '2025-02-14');
INSERT INTO visits (visitor_id, attraction_id, visit_date)VALUES (39,3, '2025-02-24');
INSERT INTO visits (visitor_id, attraction_id, visit_date)VALUES (17,3, '2025-02-25');
INSERT INTO visits (visitor_id, attraction_id, visit_date)VALUES (32,6, '2025-02-18');
INSERT INTO visits (visitor_id, attraction_id, visit_date)VALUES (68,4, '2025-02-10');
INSERT INTO visits (visitor_id, attraction_id, visit_date)VALUES (95,2, '2025-02-26');
INSERT INTO visits (visitor_id, attraction_id, visit_date)VALUES (35,3, '2025-02-20');
INSERT INTO visits (visitor_id, attraction_id, visit_date)VALUES (32,5, '2025-02-09');
INSERT INTO visits (visitor_id, attraction_id, visit_date)VALUES (13,4, '2025-02-21');
INSERT INTO visits (visitor_id, attraction_id, visit_date)VALUES (76,2, '2025-02-09');
INSERT INTO visits (visitor_id, attraction_id, visit_date)VALUES (11,5, '2025-03-04');
INSERT INTO visits (visitor_id, attraction_id, visit_date)VALUES (71,2, '2025-02-21');
INSERT INTO visits (visitor_id, attraction_id, visit_date)VALUES (76,3, '2025-02-09');
INSERT INTO visits (visitor_id, attraction_id, visit_date)VALUES (87,5, '2025-03-11');
INSERT INTO visits (visitor_id, attraction_id, visit_date)VALUES (15,3, '2025-02-22');
INSERT INTO visits (visitor_id, attraction_id, visit_date)VALUES (76,1, '2025-02-22');
INSERT INTO visits (visitor_id, attraction_id, visit_date)VALUES (29,1, '2025-03-03');
INSERT INTO visits (visitor_id, attraction_id, visit_date)VALUES (19,4, '2025-02-15');
INSERT INTO visits (visitor_id, attraction_id, visit_date)VALUES (72,2, '2025-03-08');
INSERT INTO visits (visitor_id, attraction_id, visit_date)VALUES (89,3, '2025-02-12');
INSERT INTO visits (visitor_id, attraction_id, visit_date)VALUES (76,6, '2025-03-08');
INSERT INTO visits (visitor_id, attraction_id, visit_date)VALUES (25,6, '2025-02-16');
INSERT INTO visits (visitor_id, attraction_id, visit_date)VALUES (71,5, '2025-02-28');
INSERT INTO visits (visitor_id, attraction_id, visit_date)VALUES (55,4, '2025-03-09');
INSERT INTO visits (visitor_id, attraction_id, visit_date)VALUES (80,4, '2025-03-08');
INSERT INTO visits (visitor_id, attraction_id, visit_date)VALUES (45,3, '2025-02-11');
INSERT INTO visits (visitor_id, attraction_id, visit_date)VALUES (97,6, '2025-03-11');
INSERT INTO visits (visitor_id, attraction_id, visit_date)VALUES (27,1, '2025-02-11');
INSERT INTO visits (visitor_id, attraction_id, visit_date)VALUES (67,1, '2025-03-11');
INSERT INTO visits (visitor_id, attraction_id, visit_date)VALUES (34,2, '2025-02-18');
INSERT INTO visits (visitor_id, attraction_id, visit_date)VALUES (49,3, '2025-02-19');
INSERT INTO visits (visitor_id, attraction_id, visit_date)VALUES (12,4, '2025-02-09');
INSERT INTO visits (visitor_id, attraction_id, visit_date)VALUES (98,6, '2025-02-28');
INSERT INTO visits (visitor_id, attraction_id, visit_date)VALUES (33,2, '2025-02-12');
INSERT INTO visits (visitor_id, attraction_id, visit_date)VALUES (68,5, '2025-03-11');
INSERT INTO visits (visitor_id, attraction_id, visit_date)VALUES (57,5, '2025-03-05');
INSERT INTO visits (visitor_id, attraction_id, visit_date)VALUES (57,4, '2025-03-06');
INSERT INTO visits (visitor_id, attraction_id, visit_date)VALUES (41,2, '2025-02-20');
INSERT INTO visits (visitor_id, attraction_id, visit_date)VALUES (48,4, '2025-02-26');
INSERT INTO visits (visitor_id, attraction_id, visit_date)VALUES (36,5, '2025-03-10');
INSERT INTO visits (visitor_id, attraction_id, visit_date)VALUES (94,2, '2025-02-21');
INSERT INTO visits (visitor_id, attraction_id, visit_date)VALUES (14,2, '2025-02-19');
INSERT INTO visits (visitor_id, attraction_id, visit_date)VALUES (31,6, '2025-02-16');
INSERT INTO visits (visitor_id, attraction_id, visit_date)VALUES (78,6, '2025-03-05');
INSERT INTO visits (visitor_id, attraction_id, visit_date)VALUES (67,4, '2025-02-09');
INSERT INTO visits (visitor_id, attraction_id, visit_date)VALUES (49,5, '2025-02-09');
INSERT INTO events (event_id, name, description, date, start_time,end_time,location,ticket_price,capacity,status)VALUES (1,'Medieval Fair','Lorem ipsum dolor sit amet, consectetur adipiscing elit. Phasellus lectus nulla', '2025-02-11','13:00:00','15:00:00','Fireworks Viewing Deck',40,692,'Ended');
INSERT INTO events (event_id, name, description, date, start_time,end_time,location,ticket_price,capacity,status)VALUES (2,'Magic Show Extravaganza','Lorem ipsum dolor sit amet, consectetur adipiscing elit. Phasellus lectus nulla', '2025-02-22','11:00:00','13:00:00','Outdoor Amphitheater',40,801,'Ended');
INSERT INTO events (event_id, name, description, date, start_time,end_time,location,ticket_price,capacity,status)VALUES (3,'Food Truck Rally','Lorem ipsum dolor sit amet, consectetur adipiscing elit. Phasellus lectus nulla', '2025-03-03','09:00:00','11:00:00','Indoor Arena',32,652,'Ended');
INSERT INTO events (event_id, name, description, date, start_time,end_time,location,ticket_price,capacity,status)VALUES (4,'New Year's Eve Bash','Lorem ipsum dolor sit amet, consectetur adipiscing elit. Phasellus lectus nulla', '2025-02-14','07:00:00','09:00:00','Outdoor Amphitheater',26,1480,'Ended');
INSERT INTO events (event_id, name, description, date, start_time,end_time,location,ticket_price,capacity,status)VALUES (5,'Outdoor Movie Night','Lorem ipsum dolor sit amet, consectetur adipiscing elit. Phasellus lectus nulla', '2025-02-24','11:00:00','13:00:00','Outdoor Amphitheater',23,1180,'Ended');
INSERT INTO events (event_id, name, description, date, start_time,end_time,location,ticket_price,capacity,status)VALUES (6,'Outdoor Movie Night','Lorem ipsum dolor sit amet, consectetur adipiscing elit. Phasellus lectus nulla', '2025-03-10','11:00:00','13:00:00','Event Pavilion',46,1049,'Upcoming');
INSERT INTO events (event_id, name, description, date, start_time,end_time,location,ticket_price,capacity,status)VALUES (7,'Fireworks Show','Lorem ipsum dolor sit amet, consectetur adipiscing elit. Phasellus lectus nulla', '2025-02-20','14:00:00','16:00:00','Rooftop Bar',46,746,'Upcoming');
INSERT INTO events (event_id, name, description, date, start_time,end_time,location,ticket_price,capacity,status)VALUES (8,'Pet Adoption Fair','Lorem ipsum dolor sit amet, consectetur adipiscing elit. Phasellus lectus nulla', '2025-03-11','06:00:00','08:00:00','Main Stage',35,830,'Running');
INSERT INTO events (event_id, name, description, date, start_time,end_time,location,ticket_price,capacity,status)VALUES (9,'Glow-in-the-Dark Party','Lorem ipsum dolor sit amet, consectetur adipiscing elit. Phasellus lectus nulla', '2025-03-09','08:00:00','10:00:00','Underground Lounge',26,1357,'Ended');
INSERT INTO events (event_id, name, description, date, start_time,end_time,location,ticket_price,capacity,status)VALUES (10,'Kids Fun Day','Lorem ipsum dolor sit amet, consectetur adipiscing elit. Phasellus lectus nulla', '2025-02-12','06:00:00','08:00:00','Festival Square',21,1291,'Upcoming');
INSERT INTO events (event_id, name, description, date, start_time,end_time,location,ticket_price,capacity,status)VALUES (11,'Christmas Wonderland','Lorem ipsum dolor sit amet, consectetur adipiscing elit. Phasellus lectus nulla', '2025-03-02','13:00:00','15:00:00','VIP Lounge',38,566,'Running');
INSERT INTO events (event_id, name, description, date, start_time,end_time,location,ticket_price,capacity,status)VALUES (12,'Summer Carnival','Lorem ipsum dolor sit amet, consectetur adipiscing elit. Phasellus lectus nulla', '2025-02-28','12:00:00','14:00:00','Historic Theater',41,1244,'Ended');
INSERT INTO events (event_id, name, description, date, start_time,end_time,location,ticket_price,capacity,status)VALUES (13,'Fireworks Show','Lorem ipsum dolor sit amet, consectetur adipiscing elit. Phasellus lectus nulla', '2025-02-23','08:00:00','10:00:00','Carnival Grounds',24,858,'Upcoming');
INSERT INTO events (event_id, name, description, date, start_time,end_time,location,ticket_price,capacity,status)VALUES (14,'Easter Egg Hunt','Lorem ipsum dolor sit amet, consectetur adipiscing elit. Phasellus lectus nulla', '2025-02-18','06:00:00','08:00:00','Garden Courtyard',45,784,'Running');
INSERT INTO events (event_id, name, description, date, start_time,end_time,location,ticket_price,capacity,status)VALUES (15,'Christmas Wonderland','Lorem ipsum dolor sit amet, consectetur adipiscing elit. Phasellus lectus nulla', '2025-03-01','09:00:00','11:00:00','Indoor Arena',41,689,'Running');
INSERT INTO financial_transactions (visitor_id, transaction_type,amount,transaction_date)VALUES(1,'Ticket',52.10, '2025-03-08');
INSERT INTO sales (sale_type,price,sale_date)VALUES('Ticket',52.10,'2025-03-08');
INSERT INTO financial_transactions (visitor_id, transaction_type,amount,transaction_date)VALUES(2,'Ticket',50.09, '2025-02-26');
INSERT INTO sales (sale_type,price,sale_date)VALUES('Ticket',50.09,'2025-02-26');
INSERT INTO financial_transactions (visitor_id, transaction_type,amount,transaction_date)VALUES(3,'Ticket',63.55, '2025-03-05');
INSERT INTO sales (sale_type,price,sale_date)VALUES('Ticket',63.55,'2025-03-05');
INSERT INTO financial_transactions (visitor_id, transaction_type,amount,transaction_date)VALUES(4,'Ticket',66.39, '2025-02-19');
INSERT INTO sales (sale_type,price,sale_date)VALUES('Ticket',66.39,'2025-02-19');
INSERT INTO financial_transactions (visitor_id, transaction_type,amount,transaction_date)VALUES(5,'Ticket',46.27, '2025-02-13');
INSERT INTO sales (sale_type,price,sale_date)VALUES('Ticket',46.27,'2025-02-13');
INSERT INTO financial_transactions (visitor_id, transaction_type,amount,transaction_date)VALUES(6,'Ticket',44.73, '2025-02-15');
INSERT INTO sales (sale_type,price,sale_date)VALUES('Ticket',44.73,'2025-02-15');
INSERT INTO financial_transactions (visitor_id, transaction_type,amount,transaction_date)VALUES(7,'Ticket',71.76, '2025-02-12');
INSERT INTO sales (sale_type,price,sale_date)VALUES('Ticket',71.76,'2025-02-12');
INSERT INTO financial_transactions (visitor_id, transaction_type,amount,transaction_date)VALUES(8,'Ticket',76.71, '2025-02-13');
INSERT INTO sales (sale_type,price,sale_date)VALUES('Ticket',76.71,'2025-02-13');
INSERT INTO financial_transactions (visitor_id, transaction_type,amount,transaction_date)VALUES(9,'Ticket',55.38, '2025-02-26');
INSERT INTO sales (sale_type,price,sale_date)VALUES('Ticket',55.38,'2025-02-26');
INSERT INTO financial_transactions (visitor_id, transaction_type,amount,transaction_date)VALUES(10,'Ticket',81.34, '2025-02-09');
INSERT INTO sales (sale_type,price,sale_date)VALUES('Ticket',81.34,'2025-02-09');
INSERT INTO financial_transactions (visitor_id, transaction_type,amount,transaction_date)VALUES(11,'Ticket',78.85, '2025-02-22');
INSERT INTO sales (sale_type,price,sale_date)VALUES('Ticket',78.85,'2025-02-22');
INSERT INTO financial_transactions (visitor_id, transaction_type,amount,transaction_date)VALUES(12,'Ticket',40.40, '2025-03-04');
INSERT INTO sales (sale_type,price,sale_date)VALUES('Ticket',40.40,'2025-03-04');
INSERT INTO financial_transactions (visitor_id, transaction_type,amount,transaction_date)VALUES(13,'Ticket',63.68, '2025-02-23');
INSERT INTO sales (sale_type,price,sale_date)VALUES('Ticket',63.68,'2025-02-23');
INSERT INTO financial_transactions (visitor_id, transaction_type,amount,transaction_date)VALUES(14,'Ticket',68.64, '2025-03-05');
INSERT INTO sales (sale_type,price,sale_date)VALUES('Ticket',68.64,'2025-03-05');
INSERT INTO financial_transactions (visitor_id, transaction_type,amount,transaction_date)VALUES(15,'Ticket',60.70, '2025-03-05');
INSERT INTO sales (sale_type,price,sale_date)VALUES('Ticket',60.70,'2025-03-05');
INSERT INTO financial_transactions (visitor_id, transaction_type,amount,transaction_date)VALUES(16,'Ticket',74.82, '2025-03-10');
INSERT INTO sales (sale_type,price,sale_date)VALUES('Ticket',74.82,'2025-03-10');
INSERT INTO financial_transactions (visitor_id, transaction_type,amount,transaction_date)VALUES(17,'Ticket',31.15, '2025-03-01');
INSERT INTO sales (sale_type,price,sale_date)VALUES('Ticket',31.15,'2025-03-01');
INSERT INTO financial_transactions (visitor_id, transaction_type,amount,transaction_date)VALUES(18,'Ticket',60.67, '2025-02-27');
INSERT INTO sales (sale_type,price,sale_date)VALUES('Ticket',60.67,'2025-02-27');
INSERT INTO financial_transactions (visitor_id, transaction_type,amount,transaction_date)VALUES(19,'Ticket',98.74, '2025-02-18');
INSERT INTO sales (sale_type,price,sale_date)VALUES('Ticket',98.74,'2025-02-18');
INSERT INTO financial_transactions (visitor_id, transaction_type,amount,transaction_date)VALUES(20,'Ticket',23.51, '2025-02-09');
INSERT INTO sales (sale_type,price,sale_date)VALUES('Ticket',23.51,'2025-02-09');
INSERT INTO financial_transactions (visitor_id, transaction_type,amount,transaction_date)VALUES(21,'Ticket',98.77, '2025-02-20');
INSERT INTO sales (sale_type,price,sale_date)VALUES('Ticket',98.77,'2025-02-20');
INSERT INTO financial_transactions (visitor_id, transaction_type,amount,transaction_date)VALUES(22,'Ticket',33.84, '2025-02-15');
INSERT INTO sales (sale_type,price,sale_date)VALUES('Ticket',33.84,'2025-02-15');
INSERT INTO financial_transactions (visitor_id, transaction_type,amount,transaction_date)VALUES(23,'Ticket',63.31, '2025-02-18');
INSERT INTO sales (sale_type,price,sale_date)VALUES('Ticket',63.31,'2025-02-18');
INSERT INTO financial_transactions (visitor_id, transaction_type,amount,transaction_date)VALUES(24,'Ticket',50.21, '2025-02-24');
INSERT INTO sales (sale_type,price,sale_date)VALUES('Ticket',50.21,'2025-02-24');
INSERT INTO financial_transactions (visitor_id, transaction_type,amount,transaction_date)VALUES(25,'Ticket',63.59, '2025-02-10');
INSERT INTO sales (sale_type,price,sale_date)VALUES('Ticket',63.59,'2025-02-10');
INSERT INTO financial_transactions (visitor_id, transaction_type,amount,transaction_date)VALUES(26,'Ticket',24.15, '2025-03-06');
INSERT INTO sales (sale_type,price,sale_date)VALUES('Ticket',24.15,'2025-03-06');
INSERT INTO financial_transactions (visitor_id, transaction_type,amount,transaction_date)VALUES(27,'Ticket',77.83, '2025-02-25');
INSERT INTO sales (sale_type,price,sale_date)VALUES('Ticket',77.83,'2025-02-25');
INSERT INTO financial_transactions (visitor_id, transaction_type,amount,transaction_date)VALUES(28,'Ticket',43.29, '2025-03-05');
INSERT INTO sales (sale_type,price,sale_date)VALUES('Ticket',43.29,'2025-03-05');
INSERT INTO financial_transactions (visitor_id, transaction_type,amount,transaction_date)VALUES(29,'Ticket',61.85, '2025-02-13');
INSERT INTO sales (sale_type,price,sale_date)VALUES('Ticket',61.85,'2025-02-13');
INSERT INTO financial_transactions (visitor_id, transaction_type,amount,transaction_date)VALUES(30,'Ticket',27.00, '2025-03-05');
INSERT INTO sales (sale_type,price,sale_date)VALUES('Ticket',27.00,'2025-03-05');
INSERT INTO financial_transactions (visitor_id, transaction_type,amount,transaction_date)VALUES(31,'Ticket',48.69, '2025-02-09');
INSERT INTO sales (sale_type,price,sale_date)VALUES('Ticket',48.69,'2025-02-09');
INSERT INTO financial_transactions (visitor_id, transaction_type,amount,transaction_date)VALUES(32,'Ticket',63.75, '2025-02-25');
INSERT INTO sales (sale_type,price,sale_date)VALUES('Ticket',63.75,'2025-02-25');
INSERT INTO financial_transactions (visitor_id, transaction_type,amount,transaction_date)VALUES(33,'Ticket',46.87, '2025-02-25');
INSERT INTO sales (sale_type,price,sale_date)VALUES('Ticket',46.87,'2025-02-25');
INSERT INTO financial_transactions (visitor_id, transaction_type,amount,transaction_date)VALUES(34,'Ticket',96.43, '2025-02-17');
INSERT INTO sales (sale_type,price,sale_date)VALUES('Ticket',96.43,'2025-02-17');
INSERT INTO financial_transactions (visitor_id, transaction_type,amount,transaction_date)VALUES(35,'Ticket',73.48, '2025-02-09');
INSERT INTO sales (sale_type,price,sale_date)VALUES('Ticket',73.48,'2025-02-09');
INSERT INTO financial_transactions (visitor_id, transaction_type,amount,transaction_date)VALUES(36,'Ticket',26.03, '2025-02-22');
INSERT INTO sales (sale_type,price,sale_date)VALUES('Ticket',26.03,'2025-02-22');
INSERT INTO financial_transactions (visitor_id, transaction_type,amount,transaction_date)VALUES(37,'Ticket',60.61, '2025-02-16');
INSERT INTO sales (sale_type,price,sale_date)VALUES('Ticket',60.61,'2025-02-16');
INSERT INTO financial_transactions (visitor_id, transaction_type,amount,transaction_date)VALUES(38,'Ticket',53.96, '2025-02-22');
INSERT INTO sales (sale_type,price,sale_date)VALUES('Ticket',53.96,'2025-02-22');
INSERT INTO financial_transactions (visitor_id, transaction_type,amount,transaction_date)VALUES(39,'Ticket',30.70, '2025-03-11');
INSERT INTO sales (sale_type,price,sale_date)VALUES('Ticket',30.70,'2025-03-11');
INSERT INTO financial_transactions (visitor_id, transaction_type,amount,transaction_date)VALUES(40,'Ticket',96.88, '2025-03-04');
INSERT INTO sales (sale_type,price,sale_date)VALUES('Ticket',96.88,'2025-03-04');
INSERT INTO financial_transactions (visitor_id, transaction_type,amount,transaction_date)VALUES(41,'Ticket',31.46, '2025-03-05');
INSERT INTO sales (sale_type,price,sale_date)VALUES('Ticket',31.46,'2025-03-05');
INSERT INTO financial_transactions (visitor_id, transaction_type,amount,transaction_date)VALUES(42,'Ticket',52.73, '2025-02-11');
INSERT INTO sales (sale_type,price,sale_date)VALUES('Ticket',52.73,'2025-02-11');
INSERT INTO financial_transactions (visitor_id, transaction_type,amount,transaction_date)VALUES(43,'Ticket',57.69, '2025-03-11');
INSERT INTO sales (sale_type,price,sale_date)VALUES('Ticket',57.69,'2025-03-11');
INSERT INTO financial_transactions (visitor_id, transaction_type,amount,transaction_date)VALUES(44,'Ticket',83.40, '2025-03-09');
INSERT INTO sales (sale_type,price,sale_date)VALUES('Ticket',83.40,'2025-03-09');
INSERT INTO financial_transactions (visitor_id, transaction_type,amount,transaction_date)VALUES(45,'Ticket',27.30, '2025-02-21');
INSERT INTO sales (sale_type,price,sale_date)VALUES('Ticket',27.30,'2025-02-21');
INSERT INTO financial_transactions (visitor_id, transaction_type,amount,transaction_date)VALUES(46,'Ticket',92.98, '2025-02-18');
INSERT INTO sales (sale_type,price,sale_date)VALUES('Ticket',92.98,'2025-02-18');
INSERT INTO financial_transactions (visitor_id, transaction_type,amount,transaction_date)VALUES(47,'Ticket',65.46, '2025-03-07');
INSERT INTO sales (sale_type,price,sale_date)VALUES('Ticket',65.46,'2025-03-07');
INSERT INTO financial_transactions (visitor_id, transaction_type,amount,transaction_date)VALUES(48,'Ticket',47.23, '2025-02-20');
INSERT INTO sales (sale_type,price,sale_date)VALUES('Ticket',47.23,'2025-02-20');
INSERT INTO financial_transactions (visitor_id, transaction_type,amount,transaction_date)VALUES(49,'Ticket',59.61, '2025-02-26');
INSERT INTO sales (sale_type,price,sale_date)VALUES('Ticket',59.61,'2025-02-26');
INSERT INTO financial_transactions (visitor_id, transaction_type,amount,transaction_date)VALUES(50,'Ticket',99.35, '2025-03-08');
INSERT INTO sales (sale_type,price,sale_date)VALUES('Ticket',99.35,'2025-03-08');
INSERT INTO financial_transactions (visitor_id, transaction_type,amount,transaction_date)VALUES(51,'Ticket',87.42, '2025-02-18');
INSERT INTO sales (sale_type,price,sale_date)VALUES('Ticket',87.42,'2025-02-18');
INSERT INTO financial_transactions (visitor_id, transaction_type,amount,transaction_date)VALUES(52,'Ticket',85.60, '2025-03-11');
INSERT INTO sales (sale_type,price,sale_date)VALUES('Ticket',85.60,'2025-03-11');
INSERT INTO financial_transactions (visitor_id, transaction_type,amount,transaction_date)VALUES(53,'Ticket',79.12, '2025-02-22');
INSERT INTO sales (sale_type,price,sale_date)VALUES('Ticket',79.12,'2025-02-22');
INSERT INTO financial_transactions (visitor_id, transaction_type,amount,transaction_date)VALUES(54,'Ticket',95.52, '2025-03-08');
INSERT INTO sales (sale_type,price,sale_date)VALUES('Ticket',95.52,'2025-03-08');
INSERT INTO financial_transactions (visitor_id, transaction_type,amount,transaction_date)VALUES(55,'Ticket',60.83, '2025-02-27');
INSERT INTO sales (sale_type,price,sale_date)VALUES('Ticket',60.83,'2025-02-27');
INSERT INTO financial_transactions (visitor_id, transaction_type,amount,transaction_date)VALUES(56,'Ticket',35.90, '2025-03-08');
INSERT INTO sales (sale_type,price,sale_date)VALUES('Ticket',35.90,'2025-03-08');
INSERT INTO financial_transactions (visitor_id, transaction_type,amount,transaction_date)VALUES(57,'Ticket',58.20, '2025-02-11');
INSERT INTO sales (sale_type,price,sale_date)VALUES('Ticket',58.20,'2025-02-11');
INSERT INTO financial_transactions (visitor_id, transaction_type,amount,transaction_date)VALUES(58,'Ticket',88.83, '2025-03-04');
INSERT INTO sales (sale_type,price,sale_date)VALUES('Ticket',88.83,'2025-03-04');
INSERT INTO financial_transactions (visitor_id, transaction_type,amount,transaction_date)VALUES(59,'Ticket',26.58, '2025-02-14');
INSERT INTO sales (sale_type,price,sale_date)VALUES('Ticket',26.58,'2025-02-14');
INSERT INTO financial_transactions (visitor_id, transaction_type,amount,transaction_date)VALUES(60,'Ticket',76.64, '2025-03-06');
INSERT INTO sales (sale_type,price,sale_date)VALUES('Ticket',76.64,'2025-03-06');
INSERT INTO financial_transactions (visitor_id, transaction_type,amount,transaction_date)VALUES(61,'Ticket',93.59, '2025-02-19');
INSERT INTO sales (sale_type,price,sale_date)VALUES('Ticket',93.59,'2025-02-19');
INSERT INTO financial_transactions (visitor_id, transaction_type,amount,transaction_date)VALUES(62,'Ticket',56.75, '2025-02-20');
INSERT INTO sales (sale_type,price,sale_date)VALUES('Ticket',56.75,'2025-02-20');
INSERT INTO financial_transactions (visitor_id, transaction_type,amount,transaction_date)VALUES(63,'Ticket',59.45, '2025-03-10');
INSERT INTO sales (sale_type,price,sale_date)VALUES('Ticket',59.45,'2025-03-10');
INSERT INTO financial_transactions (visitor_id, transaction_type,amount,transaction_date)VALUES(64,'Ticket',32.25, '2025-02-22');
INSERT INTO sales (sale_type,price,sale_date)VALUES('Ticket',32.25,'2025-02-22');
INSERT INTO financial_transactions (visitor_id, transaction_type,amount,transaction_date)VALUES(65,'Ticket',56.94, '2025-02-25');
INSERT INTO sales (sale_type,price,sale_date)VALUES('Ticket',56.94,'2025-02-25');
INSERT INTO financial_transactions (visitor_id, transaction_type,amount,transaction_date)VALUES(66,'Ticket',66.43, '2025-02-23');
INSERT INTO sales (sale_type,price,sale_date)VALUES('Ticket',66.43,'2025-02-23');
INSERT INTO financial_transactions (visitor_id, transaction_type,amount,transaction_date)VALUES(67,'Ticket',93.00, '2025-02-28');
INSERT INTO sales (sale_type,price,sale_date)VALUES('Ticket',93.00,'2025-02-28');
INSERT INTO financial_transactions (visitor_id, transaction_type,amount,transaction_date)VALUES(68,'Ticket',88.00, '2025-02-13');
INSERT INTO sales (sale_type,price,sale_date)VALUES('Ticket',88.00,'2025-02-13');
INSERT INTO financial_transactions (visitor_id, transaction_type,amount,transaction_date)VALUES(69,'Ticket',83.27, '2025-02-20');
INSERT INTO sales (sale_type,price,sale_date)VALUES('Ticket',83.27,'2025-02-20');
INSERT INTO financial_transactions (visitor_id, transaction_type,amount,transaction_date)VALUES(70,'Ticket',51.49, '2025-02-17');
INSERT INTO sales (sale_type,price,sale_date)VALUES('Ticket',51.49,'2025-02-17');
INSERT INTO financial_transactions (visitor_id, transaction_type,amount,transaction_date)VALUES(71,'Ticket',68.33, '2025-03-07');
INSERT INTO sales (sale_type,price,sale_date)VALUES('Ticket',68.33,'2025-03-07');
INSERT INTO financial_transactions (visitor_id, transaction_type,amount,transaction_date)VALUES(72,'Ticket',34.51, '2025-02-28');
INSERT INTO sales (sale_type,price,sale_date)VALUES('Ticket',34.51,'2025-02-28');
INSERT INTO financial_transactions (visitor_id, transaction_type,amount,transaction_date)VALUES(73,'Ticket',45.52, '2025-03-03');
INSERT INTO sales (sale_type,price,sale_date)VALUES('Ticket',45.52,'2025-03-03');
INSERT INTO financial_transactions (visitor_id, transaction_type,amount,transaction_date)VALUES(74,'Ticket',26.94, '2025-03-06');
INSERT INTO sales (sale_type,price,sale_date)VALUES('Ticket',26.94,'2025-03-06');
INSERT INTO financial_transactions (visitor_id, transaction_type,amount,transaction_date)VALUES(75,'Ticket',64.03, '2025-03-11');
INSERT INTO sales (sale_type,price,sale_date)VALUES('Ticket',64.03,'2025-03-11');
INSERT INTO financial_transactions (visitor_id, transaction_type,amount,transaction_date)VALUES(76,'Ticket',23.40, '2025-02-28');
INSERT INTO sales (sale_type,price,sale_date)VALUES('Ticket',23.40,'2025-02-28');
INSERT INTO financial_transactions (visitor_id, transaction_type,amount,transaction_date)VALUES(77,'Ticket',93.40, '2025-02-09');
INSERT INTO sales (sale_type,price,sale_date)VALUES('Ticket',93.40,'2025-02-09');
INSERT INTO financial_transactions (visitor_id, transaction_type,amount,transaction_date)VALUES(78,'Ticket',76.61, '2025-03-03');
INSERT INTO sales (sale_type,price,sale_date)VALUES('Ticket',76.61,'2025-03-03');
INSERT INTO financial_transactions (visitor_id, transaction_type,amount,transaction_date)VALUES(79,'Ticket',83.44, '2025-02-27');
INSERT INTO sales (sale_type,price,sale_date)VALUES('Ticket',83.44,'2025-02-27');
INSERT INTO financial_transactions (visitor_id, transaction_type,amount,transaction_date)VALUES(80,'Ticket',90.79, '2025-03-04');
INSERT INTO sales (sale_type,price,sale_date)VALUES('Ticket',90.79,'2025-03-04');
INSERT INTO financial_transactions (visitor_id, transaction_type,amount,transaction_date)VALUES(81,'Ticket',85.04, '2025-02-24');
INSERT INTO sales (sale_type,price,sale_date)VALUES('Ticket',85.04,'2025-02-24');
INSERT INTO financial_transactions (visitor_id, transaction_type,amount,transaction_date)VALUES(82,'Ticket',61.16, '2025-03-11');
INSERT INTO sales (sale_type,price,sale_date)VALUES('Ticket',61.16,'2025-03-11');
INSERT INTO financial_transactions (visitor_id, transaction_type,amount,transaction_date)VALUES(83,'Ticket',69.66, '2025-03-10');
INSERT INTO sales (sale_type,price,sale_date)VALUES('Ticket',69.66,'2025-03-10');
INSERT INTO financial_transactions (visitor_id, transaction_type,amount,transaction_date)VALUES(84,'Ticket',72.20, '2025-02-23');
INSERT INTO sales (sale_type,price,sale_date)VALUES('Ticket',72.20,'2025-02-23');
INSERT INTO financial_transactions (visitor_id, transaction_type,amount,transaction_date)VALUES(85,'Ticket',37.88, '2025-02-23');
INSERT INTO sales (sale_type,price,sale_date)VALUES('Ticket',37.88,'2025-02-23');
INSERT INTO financial_transactions (visitor_id, transaction_type,amount,transaction_date)VALUES(86,'Ticket',82.75, '2025-02-28');
INSERT INTO sales (sale_type,price,sale_date)VALUES('Ticket',82.75,'2025-02-28');
INSERT INTO financial_transactions (visitor_id, transaction_type,amount,transaction_date)VALUES(87,'Ticket',23.31, '2025-02-28');
INSERT INTO sales (sale_type,price,sale_date)VALUES('Ticket',23.31,'2025-02-28');
INSERT INTO financial_transactions (visitor_id, transaction_type,amount,transaction_date)VALUES(88,'Ticket',39.70, '2025-02-18');
INSERT INTO sales (sale_type,price,sale_date)VALUES('Ticket',39.70,'2025-02-18');
INSERT INTO financial_transactions (visitor_id, transaction_type,amount,transaction_date)VALUES(89,'Ticket',97.23, '2025-03-11');
INSERT INTO sales (sale_type,price,sale_date)VALUES('Ticket',97.23,'2025-03-11');
INSERT INTO financial_transactions (visitor_id, transaction_type,amount,transaction_date)VALUES(90,'Ticket',74.86, '2025-02-26');
INSERT INTO sales (sale_type,price,sale_date)VALUES('Ticket',74.86,'2025-02-26');
INSERT INTO financial_transactions (visitor_id, transaction_type,amount,transaction_date)VALUES(91,'Ticket',74.28, '2025-02-26');
INSERT INTO sales (sale_type,price,sale_date)VALUES('Ticket',74.28,'2025-02-26');
INSERT INTO financial_transactions (visitor_id, transaction_type,amount,transaction_date)VALUES(92,'Ticket',77.85, '2025-02-19');
INSERT INTO sales (sale_type,price,sale_date)VALUES('Ticket',77.85,'2025-02-19');
INSERT INTO financial_transactions (visitor_id, transaction_type,amount,transaction_date)VALUES(93,'Ticket',87.00, '2025-02-26');
INSERT INTO sales (sale_type,price,sale_date)VALUES('Ticket',87.00,'2025-02-26');
INSERT INTO financial_transactions (visitor_id, transaction_type,amount,transaction_date)VALUES(94,'Ticket',46.62, '2025-03-08');
INSERT INTO sales (sale_type,price,sale_date)VALUES('Ticket',46.62,'2025-03-08');
INSERT INTO financial_transactions (visitor_id, transaction_type,amount,transaction_date)VALUES(95,'Ticket',28.87, '2025-02-25');
INSERT INTO sales (sale_type,price,sale_date)VALUES('Ticket',28.87,'2025-02-25');
INSERT INTO financial_transactions (visitor_id, transaction_type,amount,transaction_date)VALUES(96,'Ticket',47.34, '2025-02-16');
INSERT INTO sales (sale_type,price,sale_date)VALUES('Ticket',47.34,'2025-02-16');
INSERT INTO financial_transactions (visitor_id, transaction_type,amount,transaction_date)VALUES(97,'Ticket',82.89, '2025-02-15');
INSERT INTO sales (sale_type,price,sale_date)VALUES('Ticket',82.89,'2025-02-15');
INSERT INTO financial_transactions (visitor_id, transaction_type,amount,transaction_date)VALUES(98,'Ticket',89.12, '2025-02-26');
INSERT INTO sales (sale_type,price,sale_date)VALUES('Ticket',89.12,'2025-02-26');
INSERT INTO financial_transactions (visitor_id, transaction_type,amount,transaction_date)VALUES(99,'Ticket',31.51, '2025-02-24');
INSERT INTO sales (sale_type,price,sale_date)VALUES('Ticket',31.51,'2025-02-24');
INSERT INTO financial_transactions (visitor_id, transaction_type,amount,transaction_date)VALUES(100,'Ticket',90.58, '2025-02-09');
INSERT INTO sales (sale_type,price,sale_date)VALUES('Ticket',90.58,'2025-02-09');
INSERT INTO food_sales (visitor_id, food_item, quantity, price, sale_date)VALUES (68, 'Grill',4,9.16,'2025-02-18');
INSERT INTO sales (sale_type , price, sale_date)VALUES ('Food Purchase',9.16,'2025-02-18');
INSERT INTO financial_transactions (visitor_id, transaction_type,amount,transaction_date)VALUES(68,'Ticket',9.16, '2025-02-18');
INSERT INTO food_sales (visitor_id, food_item, quantity, price, sale_date)VALUES (4, 'Ice Cream',4,14.60,'2025-02-20');
INSERT INTO sales (sale_type , price, sale_date)VALUES ('Food Purchase',14.60,'2025-02-20');
INSERT INTO financial_transactions (visitor_id, transaction_type,amount,transaction_date)VALUES(4,'Ticket',14.60, '2025-02-20');
INSERT INTO food_sales (visitor_id, food_item, quantity, price, sale_date)VALUES (14, 'Grill',3,13.84,'2025-03-06');
INSERT INTO sales (sale_type , price, sale_date)VALUES ('Food Purchase',13.84,'2025-03-06');
INSERT INTO financial_transactions (visitor_id, transaction_type,amount,transaction_date)VALUES(14,'Ticket',13.84, '2025-03-06');
INSERT INTO food_sales (visitor_id, food_item, quantity, price, sale_date)VALUES (45, 'Juice',4,11.17,'2025-02-20');
INSERT INTO sales (sale_type , price, sale_date)VALUES ('Food Purchase',11.17,'2025-02-20');
INSERT INTO financial_transactions (visitor_id, transaction_type,amount,transaction_date)VALUES(45,'Ticket',11.17, '2025-02-20');
INSERT INTO food_sales (visitor_id, food_item, quantity, price, sale_date)VALUES (70, 'Juice',2,13.12,'2025-02-27');
INSERT INTO sales (sale_type , price, sale_date)VALUES ('Food Purchase',13.12,'2025-02-27');
INSERT INTO financial_transactions (visitor_id, transaction_type,amount,transaction_date)VALUES(70,'Ticket',13.12, '2025-02-27');
INSERT INTO food_sales (visitor_id, food_item, quantity, price, sale_date)VALUES (43, 'Pizza',2,5.84,'2025-02-28');
INSERT INTO sales (sale_type , price, sale_date)VALUES ('Food Purchase',5.84,'2025-02-28');
INSERT INTO financial_transactions (visitor_id, transaction_type,amount,transaction_date)VALUES(43,'Ticket',5.84, '2025-02-28');
INSERT INTO food_sales (visitor_id, food_item, quantity, price, sale_date)VALUES (68, 'Juice',4,10.04,'2025-03-10');
INSERT INTO sales (sale_type , price, sale_date)VALUES ('Food Purchase',10.04,'2025-03-10');
INSERT INTO financial_transactions (visitor_id, transaction_type,amount,transaction_date)VALUES(68,'Ticket',10.04, '2025-03-10');
INSERT INTO food_sales (visitor_id, food_item, quantity, price, sale_date)VALUES (74, 'Burger',1,7.68,'2025-02-12');
INSERT INTO sales (sale_type , price, sale_date)VALUES ('Food Purchase',7.68,'2025-02-12');
INSERT INTO financial_transactions (visitor_id, transaction_type,amount,transaction_date)VALUES(74,'Ticket',7.68, '2025-02-12');
INSERT INTO food_sales (visitor_id, food_item, quantity, price, sale_date)VALUES (60, 'Juice',1,7.32,'2025-02-22');
INSERT INTO sales (sale_type , price, sale_date)VALUES ('Food Purchase',7.32,'2025-02-22');
INSERT INTO financial_transactions (visitor_id, transaction_type,amount,transaction_date)VALUES(60,'Ticket',7.32, '2025-02-22');
INSERT INTO food_sales (visitor_id, food_item, quantity, price, sale_date)VALUES (52, 'Water',4,10.82,'2025-02-19');
INSERT INTO sales (sale_type , price, sale_date)VALUES ('Food Purchase',10.82,'2025-02-19');
INSERT INTO financial_transactions (visitor_id, transaction_type,amount,transaction_date)VALUES(52,'Ticket',10.82, '2025-02-19');
INSERT INTO food_sales (visitor_id, food_item, quantity, price, sale_date)VALUES (85, 'Hot Dog',2,8.55,'2025-02-14');
INSERT INTO sales (sale_type , price, sale_date)VALUES ('Food Purchase',8.55,'2025-02-14');
INSERT INTO financial_transactions (visitor_id, transaction_type,amount,transaction_date)VALUES(85,'Ticket',8.55, '2025-02-14');
INSERT INTO food_sales (visitor_id, food_item, quantity, price, sale_date)VALUES (5, 'Duner',1,13.90,'2025-03-07');
INSERT INTO sales (sale_type , price, sale_date)VALUES ('Food Purchase',13.90,'2025-03-07');
INSERT INTO financial_transactions (visitor_id, transaction_type,amount,transaction_date)VALUES(5,'Ticket',13.90, '2025-03-07');
INSERT INTO food_sales (visitor_id, food_item, quantity, price, sale_date)VALUES (90, 'Pizza',1,10.08,'2025-03-07');
INSERT INTO sales (sale_type , price, sale_date)VALUES ('Food Purchase',10.08,'2025-03-07');
INSERT INTO financial_transactions (visitor_id, transaction_type,amount,transaction_date)VALUES(90,'Ticket',10.08, '2025-03-07');
INSERT INTO food_sales (visitor_id, food_item, quantity, price, sale_date)VALUES (8, 'Water',2,5.40,'2025-03-01');
INSERT INTO sales (sale_type , price, sale_date)VALUES ('Food Purchase',5.40,'2025-03-01');
INSERT INTO financial_transactions (visitor_id, transaction_type,amount,transaction_date)VALUES(8,'Ticket',5.40, '2025-03-01');
INSERT INTO food_sales (visitor_id, food_item, quantity, price, sale_date)VALUES (88, 'Hot Dog',3,14.48,'2025-02-27');
INSERT INTO sales (sale_type , price, sale_date)VALUES ('Food Purchase',14.48,'2025-02-27');
INSERT INTO financial_transactions (visitor_id, transaction_type,amount,transaction_date)VALUES(88,'Ticket',14.48, '2025-02-27');
INSERT INTO food_sales (visitor_id, food_item, quantity, price, sale_date)VALUES (48, 'Burger',2,5.17,'2025-02-20');
INSERT INTO sales (sale_type , price, sale_date)VALUES ('Food Purchase',5.17,'2025-02-20');
INSERT INTO financial_transactions (visitor_id, transaction_type,amount,transaction_date)VALUES(48,'Ticket',5.17, '2025-02-20');
INSERT INTO food_sales (visitor_id, food_item, quantity, price, sale_date)VALUES (6, 'Burger',2,10.38,'2025-03-07');
INSERT INTO sales (sale_type , price, sale_date)VALUES ('Food Purchase',10.38,'2025-03-07');
INSERT INTO financial_transactions (visitor_id, transaction_type,amount,transaction_date)VALUES(6,'Ticket',10.38, '2025-03-07');
INSERT INTO food_sales (visitor_id, food_item, quantity, price, sale_date)VALUES (65, 'Burger',4,8.74,'2025-03-04');
INSERT INTO sales (sale_type , price, sale_date)VALUES ('Food Purchase',8.74,'2025-03-04');
INSERT INTO financial_transactions (visitor_id, transaction_type,amount,transaction_date)VALUES(65,'Ticket',8.74, '2025-03-04');
INSERT INTO food_sales (visitor_id, food_item, quantity, price, sale_date)VALUES (41, 'Ice Cream',2,6.83,'2025-02-26');
INSERT INTO sales (sale_type , price, sale_date)VALUES ('Food Purchase',6.83,'2025-02-26');
INSERT INTO financial_transactions (visitor_id, transaction_type,amount,transaction_date)VALUES(41,'Ticket',6.83, '2025-02-26');
INSERT INTO food_sales (visitor_id, food_item, quantity, price, sale_date)VALUES (25, 'Pizza',2,14.11,'2025-02-18');
INSERT INTO sales (sale_type , price, sale_date)VALUES ('Food Purchase',14.11,'2025-02-18');
INSERT INTO financial_transactions (visitor_id, transaction_type,amount,transaction_date)VALUES(25,'Ticket',14.11, '2025-02-18');
INSERT INTO food_sales (visitor_id, food_item, quantity, price, sale_date)VALUES (91, 'Ice Cream',4,7.67,'2025-03-08');
INSERT INTO sales (sale_type , price, sale_date)VALUES ('Food Purchase',7.67,'2025-03-08');
INSERT INTO financial_transactions (visitor_id, transaction_type,amount,transaction_date)VALUES(91,'Ticket',7.67, '2025-03-08');
INSERT INTO food_sales (visitor_id, food_item, quantity, price, sale_date)VALUES (94, 'Soda',1,6.40,'2025-03-09');
INSERT INTO sales (sale_type , price, sale_date)VALUES ('Food Purchase',6.40,'2025-03-09');
INSERT INTO financial_transactions (visitor_id, transaction_type,amount,transaction_date)VALUES(94,'Ticket',6.40, '2025-03-09');
INSERT INTO food_sales (visitor_id, food_item, quantity, price, sale_date)VALUES (58, 'Duner',3,12.71,'2025-02-16');
INSERT INTO sales (sale_type , price, sale_date)VALUES ('Food Purchase',12.71,'2025-02-16');
INSERT INTO financial_transactions (visitor_id, transaction_type,amount,transaction_date)VALUES(58,'Ticket',12.71, '2025-02-16');
INSERT INTO food_sales (visitor_id, food_item, quantity, price, sale_date)VALUES (94, 'Soda',1,7.23,'2025-03-11');
INSERT INTO sales (sale_type , price, sale_date)VALUES ('Food Purchase',7.23,'2025-03-11');
INSERT INTO financial_transactions (visitor_id, transaction_type,amount,transaction_date)VALUES(94,'Ticket',7.23, '2025-03-11');
INSERT INTO food_sales (visitor_id, food_item, quantity, price, sale_date)VALUES (51, 'Duner',4,10.04,'2025-02-27');
INSERT INTO sales (sale_type , price, sale_date)VALUES ('Food Purchase',10.04,'2025-02-27');
INSERT INTO financial_transactions (visitor_id, transaction_type,amount,transaction_date)VALUES(51,'Ticket',10.04, '2025-02-27');
INSERT INTO food_sales (visitor_id, food_item, quantity, price, sale_date)VALUES (37, 'Grill',3,5.73,'2025-02-25');
INSERT INTO sales (sale_type , price, sale_date)VALUES ('Food Purchase',5.73,'2025-02-25');
INSERT INTO financial_transactions (visitor_id, transaction_type,amount,transaction_date)VALUES(37,'Ticket',5.73, '2025-02-25');
INSERT INTO food_sales (visitor_id, food_item, quantity, price, sale_date)VALUES (92, 'Grill',3,9.74,'2025-03-02');
INSERT INTO sales (sale_type , price, sale_date)VALUES ('Food Purchase',9.74,'2025-03-02');
INSERT INTO financial_transactions (visitor_id, transaction_type,amount,transaction_date)VALUES(92,'Ticket',9.74, '2025-03-02');
INSERT INTO food_sales (visitor_id, food_item, quantity, price, sale_date)VALUES (99, 'Burger',3,14.77,'2025-03-10');
INSERT INTO sales (sale_type , price, sale_date)VALUES ('Food Purchase',14.77,'2025-03-10');
INSERT INTO financial_transactions (visitor_id, transaction_type,amount,transaction_date)VALUES(99,'Ticket',14.77, '2025-03-10');
INSERT INTO food_sales (visitor_id, food_item, quantity, price, sale_date)VALUES (69, 'Water',2,6.50,'2025-03-10');
INSERT INTO sales (sale_type , price, sale_date)VALUES ('Food Purchase',6.50,'2025-03-10');
INSERT INTO financial_transactions (visitor_id, transaction_type,amount,transaction_date)VALUES(69,'Ticket',6.50, '2025-03-10');
INSERT INTO food_sales (visitor_id, food_item, quantity, price, sale_date)VALUES (26, 'Hot Dog',3,10.72,'2025-02-20');
INSERT INTO sales (sale_type , price, sale_date)VALUES ('Food Purchase',10.72,'2025-02-20');
INSERT INTO financial_transactions (visitor_id, transaction_type,amount,transaction_date)VALUES(26,'Ticket',10.72, '2025-02-20');
INSERT INTO food_sales (visitor_id, food_item, quantity, price, sale_date)VALUES (71, 'Hot Dog',3,13.16,'2025-02-17');
INSERT INTO sales (sale_type , price, sale_date)VALUES ('Food Purchase',13.16,'2025-02-17');
INSERT INTO financial_transactions (visitor_id, transaction_type,amount,transaction_date)VALUES(71,'Ticket',13.16, '2025-02-17');
INSERT INTO food_sales (visitor_id, food_item, quantity, price, sale_date)VALUES (5, 'Duner',2,9.40,'2025-03-05');
INSERT INTO sales (sale_type , price, sale_date)VALUES ('Food Purchase',9.40,'2025-03-05');
INSERT INTO financial_transactions (visitor_id, transaction_type,amount,transaction_date)VALUES(5,'Ticket',9.40, '2025-03-05');
INSERT INTO food_sales (visitor_id, food_item, quantity, price, sale_date)VALUES (83, 'Grill',1,6.23,'2025-02-13');
INSERT INTO sales (sale_type , price, sale_date)VALUES ('Food Purchase',6.23,'2025-02-13');
INSERT INTO financial_transactions (visitor_id, transaction_type,amount,transaction_date)VALUES(83,'Ticket',6.23, '2025-02-13');
INSERT INTO food_sales (visitor_id, food_item, quantity, price, sale_date)VALUES (73, 'Duner',3,6.57,'2025-03-04');
INSERT INTO sales (sale_type , price, sale_date)VALUES ('Food Purchase',6.57,'2025-03-04');
INSERT INTO financial_transactions (visitor_id, transaction_type,amount,transaction_date)VALUES(73,'Ticket',6.57, '2025-03-04');
INSERT INTO food_sales (visitor_id, food_item, quantity, price, sale_date)VALUES (14, 'Hot Dog',2,13.63,'2025-03-01');
INSERT INTO sales (sale_type , price, sale_date)VALUES ('Food Purchase',13.63,'2025-03-01');
INSERT INTO financial_transactions (visitor_id, transaction_type,amount,transaction_date)VALUES(14,'Ticket',13.63, '2025-03-01');
INSERT INTO food_sales (visitor_id, food_item, quantity, price, sale_date)VALUES (72, 'Burger',4,13.28,'2025-02-27');
INSERT INTO sales (sale_type , price, sale_date)VALUES ('Food Purchase',13.28,'2025-02-27');
INSERT INTO financial_transactions (visitor_id, transaction_type,amount,transaction_date)VALUES(72,'Ticket',13.28, '2025-02-27');
INSERT INTO food_sales (visitor_id, food_item, quantity, price, sale_date)VALUES (82, 'Hot Dog',1,13.77,'2025-03-06');
INSERT INTO sales (sale_type , price, sale_date)VALUES ('Food Purchase',13.77,'2025-03-06');
INSERT INTO financial_transactions (visitor_id, transaction_type,amount,transaction_date)VALUES(82,'Ticket',13.77, '2025-03-06');
INSERT INTO food_sales (visitor_id, food_item, quantity, price, sale_date)VALUES (24, 'Water',2,9.45,'2025-03-11');
INSERT INTO sales (sale_type , price, sale_date)VALUES ('Food Purchase',9.45,'2025-03-11');
INSERT INTO financial_transactions (visitor_id, transaction_type,amount,transaction_date)VALUES(24,'Ticket',9.45, '2025-03-11');
INSERT INTO food_sales (visitor_id, food_item, quantity, price, sale_date)VALUES (32, 'Juice',4,14.31,'2025-03-04');
INSERT INTO sales (sale_type , price, sale_date)VALUES ('Food Purchase',14.31,'2025-03-04');
INSERT INTO financial_transactions (visitor_id, transaction_type,amount,transaction_date)VALUES(32,'Ticket',14.31, '2025-03-04');
INSERT INTO food_sales (visitor_id, food_item, quantity, price, sale_date)VALUES (84, 'Soda',2,5.72,'2025-02-21');
INSERT INTO sales (sale_type , price, sale_date)VALUES ('Food Purchase',5.72,'2025-02-21');
INSERT INTO financial_transactions (visitor_id, transaction_type,amount,transaction_date)VALUES(84,'Ticket',5.72, '2025-02-21');
INSERT INTO food_sales (visitor_id, food_item, quantity, price, sale_date)VALUES (85, 'Duner',4,14.55,'2025-03-11');
INSERT INTO sales (sale_type , price, sale_date)VALUES ('Food Purchase',14.55,'2025-03-11');
INSERT INTO financial_transactions (visitor_id, transaction_type,amount,transaction_date)VALUES(85,'Ticket',14.55, '2025-03-11');
INSERT INTO food_sales (visitor_id, food_item, quantity, price, sale_date)VALUES (23, 'Juice',3,8.92,'2025-02-23');
INSERT INTO sales (sale_type , price, sale_date)VALUES ('Food Purchase',8.92,'2025-02-23');
INSERT INTO financial_transactions (visitor_id, transaction_type,amount,transaction_date)VALUES(23,'Ticket',8.92, '2025-02-23');
INSERT INTO food_sales (visitor_id, food_item, quantity, price, sale_date)VALUES (39, 'Juice',1,5.91,'2025-03-06');
INSERT INTO sales (sale_type , price, sale_date)VALUES ('Food Purchase',5.91,'2025-03-06');
INSERT INTO financial_transactions (visitor_id, transaction_type,amount,transaction_date)VALUES(39,'Ticket',5.91, '2025-03-06');
INSERT INTO food_sales (visitor_id, food_item, quantity, price, sale_date)VALUES (7, 'Pizza',3,8.32,'2025-02-25');
INSERT INTO sales (sale_type , price, sale_date)VALUES ('Food Purchase',8.32,'2025-02-25');
INSERT INTO financial_transactions (visitor_id, transaction_type,amount,transaction_date)VALUES(7,'Ticket',8.32, '2025-02-25');
INSERT INTO food_sales (visitor_id, food_item, quantity, price, sale_date)VALUES (31, 'Water',4,5.66,'2025-03-05');
INSERT INTO sales (sale_type , price, sale_date)VALUES ('Food Purchase',5.66,'2025-03-05');
INSERT INTO financial_transactions (visitor_id, transaction_type,amount,transaction_date)VALUES(31,'Ticket',5.66, '2025-03-05');
INSERT INTO food_sales (visitor_id, food_item, quantity, price, sale_date)VALUES (66, 'Ice Cream',3,11.74,'2025-02-21');
INSERT INTO sales (sale_type , price, sale_date)VALUES ('Food Purchase',11.74,'2025-02-21');
INSERT INTO financial_transactions (visitor_id, transaction_type,amount,transaction_date)VALUES(66,'Ticket',11.74, '2025-02-21');
INSERT INTO food_sales (visitor_id, food_item, quantity, price, sale_date)VALUES (73, 'Hot Dog',4,13.17,'2025-02-25');
INSERT INTO sales (sale_type , price, sale_date)VALUES ('Food Purchase',13.17,'2025-02-25');
INSERT INTO financial_transactions (visitor_id, transaction_type,amount,transaction_date)VALUES(73,'Ticket',13.17, '2025-02-25');
INSERT INTO food_sales (visitor_id, food_item, quantity, price, sale_date)VALUES (56, 'Ice Cream',1,6.88,'2025-02-28');
INSERT INTO sales (sale_type , price, sale_date)VALUES ('Food Purchase',6.88,'2025-02-28');
INSERT INTO financial_transactions (visitor_id, transaction_type,amount,transaction_date)VALUES(56,'Ticket',6.88, '2025-02-28');
INSERT INTO food_sales (visitor_id, food_item, quantity, price, sale_date)VALUES (94, 'Juice',1,11.43,'2025-03-11');
INSERT INTO sales (sale_type , price, sale_date)VALUES ('Food Purchase',11.43,'2025-03-11');
INSERT INTO financial_transactions (visitor_id, transaction_type,amount,transaction_date)VALUES(94,'Ticket',11.43, '2025-03-11');
INSERT INTO food_sales (visitor_id, food_item, quantity, price, sale_date)VALUES (85, 'Soda',1,9.06,'2025-03-02');
INSERT INTO sales (sale_type , price, sale_date)VALUES ('Food Purchase',9.06,'2025-03-02');
INSERT INTO financial_transactions (visitor_id, transaction_type,amount,transaction_date)VALUES(85,'Ticket',9.06, '2025-03-02');
INSERT INTO food_sales (visitor_id, food_item, quantity, price, sale_date)VALUES (71, 'Pizza',4,8.72,'2025-03-11');
INSERT INTO sales (sale_type , price, sale_date)VALUES ('Food Purchase',8.72,'2025-03-11');
INSERT INTO financial_transactions (visitor_id, transaction_type,amount,transaction_date)VALUES(71,'Ticket',8.72, '2025-03-11');
INSERT INTO food_sales (visitor_id, food_item, quantity, price, sale_date)VALUES (14, 'Hot Dog',1,10.34,'2025-03-10');
INSERT INTO sales (sale_type , price, sale_date)VALUES ('Food Purchase',10.34,'2025-03-10');
INSERT INTO financial_transactions (visitor_id, transaction_type,amount,transaction_date)VALUES(14,'Ticket',10.34, '2025-03-10');
INSERT INTO food_sales (visitor_id, food_item, quantity, price, sale_date)VALUES (61, 'Grill',4,8.04,'2025-02-15');
INSERT INTO sales (sale_type , price, sale_date)VALUES ('Food Purchase',8.04,'2025-02-15');
INSERT INTO financial_transactions (visitor_id, transaction_type,amount,transaction_date)VALUES(61,'Ticket',8.04, '2025-02-15');
INSERT INTO food_sales (visitor_id, food_item, quantity, price, sale_date)VALUES (63, 'Water',1,12.17,'2025-03-03');
INSERT INTO sales (sale_type , price, sale_date)VALUES ('Food Purchase',12.17,'2025-03-03');
INSERT INTO financial_transactions (visitor_id, transaction_type,amount,transaction_date)VALUES(63,'Ticket',12.17, '2025-03-03');
INSERT INTO food_sales (visitor_id, food_item, quantity, price, sale_date)VALUES (93, 'Water',2,7.19,'2025-03-05');
INSERT INTO sales (sale_type , price, sale_date)VALUES ('Food Purchase',7.19,'2025-03-05');
INSERT INTO financial_transactions (visitor_id, transaction_type,amount,transaction_date)VALUES(93,'Ticket',7.19, '2025-03-05');
INSERT INTO food_sales (visitor_id, food_item, quantity, price, sale_date)VALUES (18, 'Duner',4,10.93,'2025-02-20');
INSERT INTO sales (sale_type , price, sale_date)VALUES ('Food Purchase',10.93,'2025-02-20');
INSERT INTO financial_transactions (visitor_id, transaction_type,amount,transaction_date)VALUES(18,'Ticket',10.93, '2025-02-20');
INSERT INTO food_sales (visitor_id, food_item, quantity, price, sale_date)VALUES (79, 'Soda',4,13.50,'2025-02-20');
INSERT INTO sales (sale_type , price, sale_date)VALUES ('Food Purchase',13.50,'2025-02-20');
INSERT INTO financial_transactions (visitor_id, transaction_type,amount,transaction_date)VALUES(79,'Ticket',13.50, '2025-02-20');
INSERT INTO food_sales (visitor_id, food_item, quantity, price, sale_date)VALUES (30, 'Water',3,13.25,'2025-03-10');
INSERT INTO sales (sale_type , price, sale_date)VALUES ('Food Purchase',13.25,'2025-03-10');
INSERT INTO financial_transactions (visitor_id, transaction_type,amount,transaction_date)VALUES(30,'Ticket',13.25, '2025-03-10');
INSERT INTO food_sales (visitor_id, food_item, quantity, price, sale_date)VALUES (46, 'Grill',1,12.93,'2025-03-02');
INSERT INTO sales (sale_type , price, sale_date)VALUES ('Food Purchase',12.93,'2025-03-02');
INSERT INTO financial_transactions (visitor_id, transaction_type,amount,transaction_date)VALUES(46,'Ticket',12.93, '2025-03-02');
INSERT INTO food_sales (visitor_id, food_item, quantity, price, sale_date)VALUES (64, 'Water',3,11.89,'2025-02-24');
INSERT INTO sales (sale_type , price, sale_date)VALUES ('Food Purchase',11.89,'2025-02-24');
INSERT INTO financial_transactions (visitor_id, transaction_type,amount,transaction_date)VALUES(64,'Ticket',11.89, '2025-02-24');
INSERT INTO food_sales (visitor_id, food_item, quantity, price, sale_date)VALUES (54, 'Hot Dog',1,13.03,'2025-02-26');
INSERT INTO sales (sale_type , price, sale_date)VALUES ('Food Purchase',13.03,'2025-02-26');
INSERT INTO financial_transactions (visitor_id, transaction_type,amount,transaction_date)VALUES(54,'Ticket',13.03, '2025-02-26');
INSERT INTO food_sales (visitor_id, food_item, quantity, price, sale_date)VALUES (36, 'Duner',1,9.40,'2025-03-06');
INSERT INTO sales (sale_type , price, sale_date)VALUES ('Food Purchase',9.40,'2025-03-06');
INSERT INTO financial_transactions (visitor_id, transaction_type,amount,transaction_date)VALUES(36,'Ticket',9.40, '2025-03-06');
INSERT INTO food_sales (visitor_id, food_item, quantity, price, sale_date)VALUES (30, 'Burger',2,14.25,'2025-03-04');
INSERT INTO sales (sale_type , price, sale_date)VALUES ('Food Purchase',14.25,'2025-03-04');
INSERT INTO financial_transactions (visitor_id, transaction_type,amount,transaction_date)VALUES(30,'Ticket',14.25, '2025-03-04');
INSERT INTO food_sales (visitor_id, food_item, quantity, price, sale_date)VALUES (1, 'Hot Dog',3,9.26,'2025-02-19');
INSERT INTO sales (sale_type , price, sale_date)VALUES ('Food Purchase',9.26,'2025-02-19');
INSERT INTO financial_transactions (visitor_id, transaction_type,amount,transaction_date)VALUES(1,'Ticket',9.26, '2025-02-19');
INSERT INTO food_sales (visitor_id, food_item, quantity, price, sale_date)VALUES (95, 'Juice',1,14.07,'2025-03-04');
INSERT INTO sales (sale_type , price, sale_date)VALUES ('Food Purchase',14.07,'2025-03-04');
INSERT INTO financial_transactions (visitor_id, transaction_type,amount,transaction_date)VALUES(95,'Ticket',14.07, '2025-03-04');
INSERT INTO food_sales (visitor_id, food_item, quantity, price, sale_date)VALUES (86, 'Water',1,10.99,'2025-02-10');
INSERT INTO sales (sale_type , price, sale_date)VALUES ('Food Purchase',10.99,'2025-02-10');
INSERT INTO financial_transactions (visitor_id, transaction_type,amount,transaction_date)VALUES(86,'Ticket',10.99, '2025-02-10');
INSERT INTO food_sales (visitor_id, food_item, quantity, price, sale_date)VALUES (100, 'Grill',3,13.98,'2025-02-09');
INSERT INTO sales (sale_type , price, sale_date)VALUES ('Food Purchase',13.98,'2025-02-09');
INSERT INTO financial_transactions (visitor_id, transaction_type,amount,transaction_date)VALUES(100,'Ticket',13.98, '2025-02-09');
INSERT INTO food_sales (visitor_id, food_item, quantity, price, sale_date)VALUES (18, 'Soda',3,8.29,'2025-02-20');
INSERT INTO sales (sale_type , price, sale_date)VALUES ('Food Purchase',8.29,'2025-02-20');
INSERT INTO financial_transactions (visitor_id, transaction_type,amount,transaction_date)VALUES(18,'Ticket',8.29, '2025-02-20');
INSERT INTO food_sales (visitor_id, food_item, quantity, price, sale_date)VALUES (48, 'Duner',1,13.15,'2025-02-14');
INSERT INTO sales (sale_type , price, sale_date)VALUES ('Food Purchase',13.15,'2025-02-14');
INSERT INTO financial_transactions (visitor_id, transaction_type,amount,transaction_date)VALUES(48,'Ticket',13.15, '2025-02-14');
INSERT INTO food_sales (visitor_id, food_item, quantity, price, sale_date)VALUES (6, 'Duner',4,7.55,'2025-02-25');
INSERT INTO sales (sale_type , price, sale_date)VALUES ('Food Purchase',7.55,'2025-02-25');
INSERT INTO financial_transactions (visitor_id, transaction_type,amount,transaction_date)VALUES(6,'Ticket',7.55, '2025-02-25');
INSERT INTO food_sales (visitor_id, food_item, quantity, price, sale_date)VALUES (26, 'Duner',4,10.50,'2025-02-27');
INSERT INTO sales (sale_type , price, sale_date)VALUES ('Food Purchase',10.50,'2025-02-27');
INSERT INTO financial_transactions (visitor_id, transaction_type,amount,transaction_date)VALUES(26,'Ticket',10.50, '2025-02-27');
INSERT INTO food_sales (visitor_id, food_item, quantity, price, sale_date)VALUES (71, 'Duner',3,9.30,'2025-02-15');
INSERT INTO sales (sale_type , price, sale_date)VALUES ('Food Purchase',9.30,'2025-02-15');
INSERT INTO financial_transactions (visitor_id, transaction_type,amount,transaction_date)VALUES(71,'Ticket',9.30, '2025-02-15');
INSERT INTO food_sales (visitor_id, food_item, quantity, price, sale_date)VALUES (1, 'Pizza',4,13.06,'2025-02-21');
INSERT INTO sales (sale_type , price, sale_date)VALUES ('Food Purchase',13.06,'2025-02-21');
INSERT INTO financial_transactions (visitor_id, transaction_type,amount,transaction_date)VALUES(1,'Ticket',13.06, '2025-02-21');
INSERT INTO food_sales (visitor_id, food_item, quantity, price, sale_date)VALUES (99, 'Ice Cream',1,7.73,'2025-02-10');
INSERT INTO sales (sale_type , price, sale_date)VALUES ('Food Purchase',7.73,'2025-02-10');
INSERT INTO financial_transactions (visitor_id, transaction_type,amount,transaction_date)VALUES(99,'Ticket',7.73, '2025-02-10');
INSERT INTO food_sales (visitor_id, food_item, quantity, price, sale_date)VALUES (54, 'Water',3,10.15,'2025-02-27');
INSERT INTO sales (sale_type , price, sale_date)VALUES ('Food Purchase',10.15,'2025-02-27');
INSERT INTO financial_transactions (visitor_id, transaction_type,amount,transaction_date)VALUES(54,'Ticket',10.15, '2025-02-27');
INSERT INTO food_sales (visitor_id, food_item, quantity, price, sale_date)VALUES (64, 'Juice',1,7.93,'2025-03-02');
INSERT INTO sales (sale_type , price, sale_date)VALUES ('Food Purchase',7.93,'2025-03-02');
INSERT INTO financial_transactions (visitor_id, transaction_type,amount,transaction_date)VALUES(64,'Ticket',7.93, '2025-03-02');
INSERT INTO food_sales (visitor_id, food_item, quantity, price, sale_date)VALUES (94, 'Soda',1,8.25,'2025-02-16');
INSERT INTO sales (sale_type , price, sale_date)VALUES ('Food Purchase',8.25,'2025-02-16');
INSERT INTO financial_transactions (visitor_id, transaction_type,amount,transaction_date)VALUES(94,'Ticket',8.25, '2025-02-16');
INSERT INTO food_sales (visitor_id, food_item, quantity, price, sale_date)VALUES (35, 'Grill',1,6.22,'2025-03-01');
INSERT INTO sales (sale_type , price, sale_date)VALUES ('Food Purchase',6.22,'2025-03-01');
INSERT INTO financial_transactions (visitor_id, transaction_type,amount,transaction_date)VALUES(35,'Ticket',6.22, '2025-03-01');
INSERT INTO food_sales (visitor_id, food_item, quantity, price, sale_date)VALUES (12, 'Water',3,7.84,'2025-03-11');
INSERT INTO sales (sale_type , price, sale_date)VALUES ('Food Purchase',7.84,'2025-03-11');
INSERT INTO financial_transactions (visitor_id, transaction_type,amount,transaction_date)VALUES(12,'Ticket',7.84, '2025-03-11');
INSERT INTO food_sales (visitor_id, food_item, quantity, price, sale_date)VALUES (56, 'Hot Dog',1,11.35,'2025-02-23');
INSERT INTO sales (sale_type , price, sale_date)VALUES ('Food Purchase',11.35,'2025-02-23');
INSERT INTO financial_transactions (visitor_id, transaction_type,amount,transaction_date)VALUES(56,'Ticket',11.35, '2025-02-23');
INSERT INTO food_sales (visitor_id, food_item, quantity, price, sale_date)VALUES (88, 'Duner',3,11.18,'2025-02-16');
INSERT INTO sales (sale_type , price, sale_date)VALUES ('Food Purchase',11.18,'2025-02-16');
INSERT INTO financial_transactions (visitor_id, transaction_type,amount,transaction_date)VALUES(88,'Ticket',11.18, '2025-02-16');
INSERT INTO food_sales (visitor_id, food_item, quantity, price, sale_date)VALUES (61, 'Duner',3,13.36,'2025-02-20');
INSERT INTO sales (sale_type , price, sale_date)VALUES ('Food Purchase',13.36,'2025-02-20');
INSERT INTO financial_transactions (visitor_id, transaction_type,amount,transaction_date)VALUES(61,'Ticket',13.36, '2025-02-20');
INSERT INTO food_sales (visitor_id, food_item, quantity, price, sale_date)VALUES (26, 'Hot Dog',1,10.66,'2025-02-17');
INSERT INTO sales (sale_type , price, sale_date)VALUES ('Food Purchase',10.66,'2025-02-17');
INSERT INTO financial_transactions (visitor_id, transaction_type,amount,transaction_date)VALUES(26,'Ticket',10.66, '2025-02-17');
INSERT INTO food_sales (visitor_id, food_item, quantity, price, sale_date)VALUES (12, 'Burger',1,5.98,'2025-02-25');
INSERT INTO sales (sale_type , price, sale_date)VALUES ('Food Purchase',5.98,'2025-02-25');
INSERT INTO financial_transactions (visitor_id, transaction_type,amount,transaction_date)VALUES(12,'Ticket',5.98, '2025-02-25');
INSERT INTO food_sales (visitor_id, food_item, quantity, price, sale_date)VALUES (92, 'Ice Cream',1,5.09,'2025-02-26');
INSERT INTO sales (sale_type , price, sale_date)VALUES ('Food Purchase',5.09,'2025-02-26');
INSERT INTO financial_transactions (visitor_id, transaction_type,amount,transaction_date)VALUES(92,'Ticket',5.09, '2025-02-26');
INSERT INTO food_sales (visitor_id, food_item, quantity, price, sale_date)VALUES (32, 'Duner',2,6.88,'2025-02-25');
INSERT INTO sales (sale_type , price, sale_date)VALUES ('Food Purchase',6.88,'2025-02-25');
INSERT INTO financial_transactions (visitor_id, transaction_type,amount,transaction_date)VALUES(32,'Ticket',6.88, '2025-02-25');
INSERT INTO food_sales (visitor_id, food_item, quantity, price, sale_date)VALUES (78, 'Grill',3,8.26,'2025-02-15');
INSERT INTO sales (sale_type , price, sale_date)VALUES ('Food Purchase',8.26,'2025-02-15');
INSERT INTO financial_transactions (visitor_id, transaction_type,amount,transaction_date)VALUES(78,'Ticket',8.26, '2025-02-15');
INSERT INTO food_sales (visitor_id, food_item, quantity, price, sale_date)VALUES (24, 'Pizza',2,5.61,'2025-03-02');
INSERT INTO sales (sale_type , price, sale_date)VALUES ('Food Purchase',5.61,'2025-03-02');
INSERT INTO financial_transactions (visitor_id, transaction_type,amount,transaction_date)VALUES(24,'Ticket',5.61, '2025-03-02');
INSERT INTO food_sales (visitor_id, food_item, quantity, price, sale_date)VALUES (56, 'Duner',2,7.88,'2025-02-16');
INSERT INTO sales (sale_type , price, sale_date)VALUES ('Food Purchase',7.88,'2025-02-16');
INSERT INTO financial_transactions (visitor_id, transaction_type,amount,transaction_date)VALUES(56,'Ticket',7.88, '2025-02-16');
INSERT INTO food_sales (visitor_id, food_item, quantity, price, sale_date)VALUES (71, 'Pizza',3,6.22,'2025-02-16');
INSERT INTO sales (sale_type , price, sale_date)VALUES ('Food Purchase',6.22,'2025-02-16');
INSERT INTO financial_transactions (visitor_id, transaction_type,amount,transaction_date)VALUES(71,'Ticket',6.22, '2025-02-16');
INSERT INTO food_sales (visitor_id, food_item, quantity, price, sale_date)VALUES (90, 'Pizza',1,11.28,'2025-02-23');
INSERT INTO sales (sale_type , price, sale_date)VALUES ('Food Purchase',11.28,'2025-02-23');
INSERT INTO financial_transactions (visitor_id, transaction_type,amount,transaction_date)VALUES(90,'Ticket',11.28, '2025-02-23');
INSERT INTO food_sales (visitor_id, food_item, quantity, price, sale_date)VALUES (69, 'Water',4,14.19,'2025-03-03');
INSERT INTO sales (sale_type , price, sale_date)VALUES ('Food Purchase',14.19,'2025-03-03');
INSERT INTO financial_transactions (visitor_id, transaction_type,amount,transaction_date)VALUES(69,'Ticket',14.19, '2025-03-03');
INSERT INTO food_sales (visitor_id, food_item, quantity, price, sale_date)VALUES (92, 'Duner',3,14.65,'2025-02-28');
INSERT INTO sales (sale_type , price, sale_date)VALUES ('Food Purchase',14.65,'2025-02-28');
INSERT INTO financial_transactions (visitor_id, transaction_type,amount,transaction_date)VALUES(92,'Ticket',14.65, '2025-02-28');
INSERT INTO food_sales (visitor_id, food_item, quantity, price, sale_date)VALUES (88, 'Ice Cream',3,8.72,'2025-03-11');
INSERT INTO sales (sale_type , price, sale_date)VALUES ('Food Purchase',8.72,'2025-03-11');
INSERT INTO financial_transactions (visitor_id, transaction_type,amount,transaction_date)VALUES(88,'Ticket',8.72, '2025-03-11');
INSERT INTO food_sales (visitor_id, food_item, quantity, price, sale_date)VALUES (80, 'Juice',3,7.56,'2025-02-13');
INSERT INTO sales (sale_type , price, sale_date)VALUES ('Food Purchase',7.56,'2025-02-13');
INSERT INTO financial_transactions (visitor_id, transaction_type,amount,transaction_date)VALUES(80,'Ticket',7.56, '2025-02-13');
INSERT INTO food_sales (visitor_id, food_item, quantity, price, sale_date)VALUES (32, 'Water',3,9.74,'2025-02-20');
INSERT INTO sales (sale_type , price, sale_date)VALUES ('Food Purchase',9.74,'2025-02-20');
INSERT INTO financial_transactions (visitor_id, transaction_type,amount,transaction_date)VALUES(32,'Ticket',9.74, '2025-02-20');
INSERT INTO food_sales (visitor_id, food_item, quantity, price, sale_date)VALUES (34, 'Ice Cream',3,7.23,'2025-02-28');
INSERT INTO sales (sale_type , price, sale_date)VALUES ('Food Purchase',7.23,'2025-02-28');
INSERT INTO financial_transactions (visitor_id, transaction_type,amount,transaction_date)VALUES(34,'Ticket',7.23, '2025-02-28');
INSERT INTO food_sales (visitor_id, food_item, quantity, price, sale_date)VALUES (5, 'Juice',1,11.47,'2025-02-24');
INSERT INTO sales (sale_type , price, sale_date)VALUES ('Food Purchase',11.47,'2025-02-24');
INSERT INTO financial_transactions (visitor_id, transaction_type,amount,transaction_date)VALUES(5,'Ticket',11.47, '2025-02-24');
INSERT INTO food_sales (visitor_id, food_item, quantity, price, sale_date)VALUES (45, 'Ice Cream',4,11.82,'2025-03-07');
INSERT INTO sales (sale_type , price, sale_date)VALUES ('Food Purchase',11.82,'2025-03-07');
INSERT INTO financial_transactions (visitor_id, transaction_type,amount,transaction_date)VALUES(45,'Ticket',11.82, '2025-03-07');
INSERT INTO food_sales (visitor_id, food_item, quantity, price, sale_date)VALUES (38, 'Duner',3,10.60,'2025-02-27');
INSERT INTO sales (sale_type , price, sale_date)VALUES ('Food Purchase',10.60,'2025-02-27');
INSERT INTO financial_transactions (visitor_id, transaction_type,amount,transaction_date)VALUES(38,'Ticket',10.60, '2025-02-27');
INSERT INTO food_sales (visitor_id, food_item, quantity, price, sale_date)VALUES (98, 'Duner',3,14.77,'2025-02-12');
INSERT INTO sales (sale_type , price, sale_date)VALUES ('Food Purchase',14.77,'2025-02-12');
INSERT INTO financial_transactions (visitor_id, transaction_type,amount,transaction_date)VALUES(98,'Ticket',14.77, '2025-02-12');
INSERT INTO food_sales (visitor_id, food_item, quantity, price, sale_date)VALUES (55, 'Water',3,7.15,'2025-02-10');
INSERT INTO sales (sale_type , price, sale_date)VALUES ('Food Purchase',7.15,'2025-02-10');
INSERT INTO financial_transactions (visitor_id, transaction_type,amount,transaction_date)VALUES(55,'Ticket',7.15, '2025-02-10');
INSERT INTO food_sales (visitor_id, food_item, quantity, price, sale_date)VALUES (29, 'Water',1,5.15,'2025-02-17');
INSERT INTO sales (sale_type , price, sale_date)VALUES ('Food Purchase',5.15,'2025-02-17');
INSERT INTO financial_transactions (visitor_id, transaction_type,amount,transaction_date)VALUES(29,'Ticket',5.15, '2025-02-17');
INSERT INTO food_sales (visitor_id, food_item, quantity, price, sale_date)VALUES (43, 'Burger',1,12.17,'2025-02-14');
INSERT INTO sales (sale_type , price, sale_date)VALUES ('Food Purchase',12.17,'2025-02-14');
INSERT INTO financial_transactions (visitor_id, transaction_type,amount,transaction_date)VALUES(43,'Ticket',12.17, '2025-02-14');
INSERT INTO food_sales (visitor_id, food_item, quantity, price, sale_date)VALUES (28, 'Pizza',1,12.29,'2025-03-10');
INSERT INTO sales (sale_type , price, sale_date)VALUES ('Food Purchase',12.29,'2025-03-10');
INSERT INTO financial_transactions (visitor_id, transaction_type,amount,transaction_date)VALUES(28,'Ticket',12.29, '2025-03-10');
INSERT INTO food_sales (visitor_id, food_item, quantity, price, sale_date)VALUES (11, 'Pizza',4,13.36,'2025-03-05');
INSERT INTO sales (sale_type , price, sale_date)VALUES ('Food Purchase',13.36,'2025-03-05');
INSERT INTO financial_transactions (visitor_id, transaction_type,amount,transaction_date)VALUES(11,'Ticket',13.36, '2025-03-05');
INSERT INTO food_sales (visitor_id, food_item, quantity, price, sale_date)VALUES (96, 'Burger',3,8.62,'2025-03-06');
INSERT INTO sales (sale_type , price, sale_date)VALUES ('Food Purchase',8.62,'2025-03-06');
INSERT INTO financial_transactions (visitor_id, transaction_type,amount,transaction_date)VALUES(96,'Ticket',8.62, '2025-03-06');
INSERT INTO food_sales (visitor_id, food_item, quantity, price, sale_date)VALUES (97, 'Duner',4,14.11,'2025-03-10');
INSERT INTO sales (sale_type , price, sale_date)VALUES ('Food Purchase',14.11,'2025-03-10');
INSERT INTO financial_transactions (visitor_id, transaction_type,amount,transaction_date)VALUES(97,'Ticket',14.11, '2025-03-10');
INSERT INTO food_sales (visitor_id, food_item, quantity, price, sale_date)VALUES (57, 'Juice',2,7.36,'2025-03-05');
INSERT INTO sales (sale_type , price, sale_date)VALUES ('Food Purchase',7.36,'2025-03-05');
INSERT INTO financial_transactions (visitor_id, transaction_type,amount,transaction_date)VALUES(57,'Ticket',7.36, '2025-03-05');
INSERT INTO food_sales (visitor_id, food_item, quantity, price, sale_date)VALUES (40, 'Water',2,11.79,'2025-02-25');
INSERT INTO sales (sale_type , price, sale_date)VALUES ('Food Purchase',11.79,'2025-02-25');
INSERT INTO financial_transactions (visitor_id, transaction_type,amount,transaction_date)VALUES(40,'Ticket',11.79, '2025-02-25');
INSERT INTO food_sales (visitor_id, food_item, quantity, price, sale_date)VALUES (17, 'Ice Cream',3,6.73,'2025-02-23');
INSERT INTO sales (sale_type , price, sale_date)VALUES ('Food Purchase',6.73,'2025-02-23');
INSERT INTO financial_transactions (visitor_id, transaction_type,amount,transaction_date)VALUES(17,'Ticket',6.73, '2025-02-23');
INSERT INTO food_sales (visitor_id, food_item, quantity, price, sale_date)VALUES (72, 'Water',1,14.85,'2025-02-20');
INSERT INTO sales (sale_type , price, sale_date)VALUES ('Food Purchase',14.85,'2025-02-20');
INSERT INTO financial_transactions (visitor_id, transaction_type,amount,transaction_date)VALUES(72,'Ticket',14.85, '2025-02-20');
INSERT INTO food_sales (visitor_id, food_item, quantity, price, sale_date)VALUES (20, 'Grill',3,7.56,'2025-02-13');
INSERT INTO sales (sale_type , price, sale_date)VALUES ('Food Purchase',7.56,'2025-02-13');
INSERT INTO financial_transactions (visitor_id, transaction_type,amount,transaction_date)VALUES(20,'Ticket',7.56, '2025-02-13');
INSERT INTO food_sales (visitor_id, food_item, quantity, price, sale_date)VALUES (25, 'Duner',4,14.23,'2025-02-12');
INSERT INTO sales (sale_type , price, sale_date)VALUES ('Food Purchase',14.23,'2025-02-12');
INSERT INTO financial_transactions (visitor_id, transaction_type,amount,transaction_date)VALUES(25,'Ticket',14.23, '2025-02-12');
INSERT INTO food_sales (visitor_id, food_item, quantity, price, sale_date)VALUES (40, 'Pizza',3,12.67,'2025-03-11');
INSERT INTO sales (sale_type , price, sale_date)VALUES ('Food Purchase',12.67,'2025-03-11');
INSERT INTO financial_transactions (visitor_id, transaction_type,amount,transaction_date)VALUES(40,'Ticket',12.67, '2025-03-11');
INSERT INTO food_sales (visitor_id, food_item, quantity, price, sale_date)VALUES (70, 'Hot Dog',3,7.21,'2025-02-16');
INSERT INTO sales (sale_type , price, sale_date)VALUES ('Food Purchase',7.21,'2025-02-16');
INSERT INTO financial_transactions (visitor_id, transaction_type,amount,transaction_date)VALUES(70,'Ticket',7.21, '2025-02-16');
INSERT INTO food_sales (visitor_id, food_item, quantity, price, sale_date)VALUES (62, 'Hot Dog',4,8.00,'2025-03-07');
INSERT INTO sales (sale_type , price, sale_date)VALUES ('Food Purchase',8.00,'2025-03-07');
INSERT INTO financial_transactions (visitor_id, transaction_type,amount,transaction_date)VALUES(62,'Ticket',8.00, '2025-03-07');
INSERT INTO food_sales (visitor_id, food_item, quantity, price, sale_date)VALUES (57, 'Hot Dog',3,12.98,'2025-02-15');
INSERT INTO sales (sale_type , price, sale_date)VALUES ('Food Purchase',12.98,'2025-02-15');
INSERT INTO financial_transactions (visitor_id, transaction_type,amount,transaction_date)VALUES(57,'Ticket',12.98, '2025-02-15');
INSERT INTO food_sales (visitor_id, food_item, quantity, price, sale_date)VALUES (70, 'Ice Cream',2,6.85,'2025-03-05');
INSERT INTO sales (sale_type , price, sale_date)VALUES ('Food Purchase',6.85,'2025-03-05');
INSERT INTO financial_transactions (visitor_id, transaction_type,amount,transaction_date)VALUES(70,'Ticket',6.85, '2025-03-05');
INSERT INTO food_sales (visitor_id, food_item, quantity, price, sale_date)VALUES (39, 'Burger',4,14.10,'2025-03-03');
INSERT INTO sales (sale_type , price, sale_date)VALUES ('Food Purchase',14.10,'2025-03-03');
INSERT INTO financial_transactions (visitor_id, transaction_type,amount,transaction_date)VALUES(39,'Ticket',14.10, '2025-03-03');
INSERT INTO food_sales (visitor_id, food_item, quantity, price, sale_date)VALUES (74, 'Hot Dog',4,14.58,'2025-03-11');
INSERT INTO sales (sale_type , price, sale_date)VALUES ('Food Purchase',14.58,'2025-03-11');
INSERT INTO financial_transactions (visitor_id, transaction_type,amount,transaction_date)VALUES(74,'Ticket',14.58, '2025-03-11');
INSERT INTO food_sales (visitor_id, food_item, quantity, price, sale_date)VALUES (35, 'Duner',4,7.80,'2025-02-13');
INSERT INTO sales (sale_type , price, sale_date)VALUES ('Food Purchase',7.80,'2025-02-13');
INSERT INTO financial_transactions (visitor_id, transaction_type,amount,transaction_date)VALUES(35,'Ticket',7.80, '2025-02-13');
INSERT INTO food_sales (visitor_id, food_item, quantity, price, sale_date)VALUES (66, 'Ice Cream',1,9.44,'2025-02-24');
INSERT INTO sales (sale_type , price, sale_date)VALUES ('Food Purchase',9.44,'2025-02-24');
INSERT INTO financial_transactions (visitor_id, transaction_type,amount,transaction_date)VALUES(66,'Ticket',9.44, '2025-02-24');
INSERT INTO food_sales (visitor_id, food_item, quantity, price, sale_date)VALUES (91, 'Pizza',3,6.80,'2025-02-14');
INSERT INTO sales (sale_type , price, sale_date)VALUES ('Food Purchase',6.80,'2025-02-14');
INSERT INTO financial_transactions (visitor_id, transaction_type,amount,transaction_date)VALUES(91,'Ticket',6.80, '2025-02-14');
INSERT INTO food_sales (visitor_id, food_item, quantity, price, sale_date)VALUES (19, 'Ice Cream',4,8.92,'2025-02-12');
INSERT INTO sales (sale_type , price, sale_date)VALUES ('Food Purchase',8.92,'2025-02-12');
INSERT INTO financial_transactions (visitor_id, transaction_type,amount,transaction_date)VALUES(19,'Ticket',8.92, '2025-02-12');
INSERT INTO food_sales (visitor_id, food_item, quantity, price, sale_date)VALUES (32, 'Ice Cream',3,7.67,'2025-02-20');
INSERT INTO sales (sale_type , price, sale_date)VALUES ('Food Purchase',7.67,'2025-02-20');
INSERT INTO financial_transactions (visitor_id, transaction_type,amount,transaction_date)VALUES(32,'Ticket',7.67, '2025-02-20');
INSERT INTO food_sales (visitor_id, food_item, quantity, price, sale_date)VALUES (66, 'Hot Dog',2,7.36,'2025-03-08');
INSERT INTO sales (sale_type , price, sale_date)VALUES ('Food Purchase',7.36,'2025-03-08');
INSERT INTO financial_transactions (visitor_id, transaction_type,amount,transaction_date)VALUES(66,'Ticket',7.36, '2025-03-08');
INSERT INTO food_sales (visitor_id, food_item, quantity, price, sale_date)VALUES (60, 'Ice Cream',4,12.26,'2025-03-10');
INSERT INTO sales (sale_type , price, sale_date)VALUES ('Food Purchase',12.26,'2025-03-10');
INSERT INTO financial_transactions (visitor_id, transaction_type,amount,transaction_date)VALUES(60,'Ticket',12.26, '2025-03-10');
INSERT INTO food_sales (visitor_id, food_item, quantity, price, sale_date)VALUES (56, 'Water',2,7.51,'2025-02-19');
INSERT INTO sales (sale_type , price, sale_date)VALUES ('Food Purchase',7.51,'2025-02-19');
INSERT INTO financial_transactions (visitor_id, transaction_type,amount,transaction_date)VALUES(56,'Ticket',7.51, '2025-02-19');
INSERT INTO food_sales (visitor_id, food_item, quantity, price, sale_date)VALUES (13, 'Juice',2,7.83,'2025-03-04');
INSERT INTO sales (sale_type , price, sale_date)VALUES ('Food Purchase',7.83,'2025-03-04');
INSERT INTO financial_transactions (visitor_id, transaction_type,amount,transaction_date)VALUES(13,'Ticket',7.83, '2025-03-04');
INSERT INTO food_sales (visitor_id, food_item, quantity, price, sale_date)VALUES (21, 'Pizza',3,8.26,'2025-02-14');
INSERT INTO sales (sale_type , price, sale_date)VALUES ('Food Purchase',8.26,'2025-02-14');
INSERT INTO financial_transactions (visitor_id, transaction_type,amount,transaction_date)VALUES(21,'Ticket',8.26, '2025-02-14');
INSERT INTO food_sales (visitor_id, food_item, quantity, price, sale_date)VALUES (85, 'Pizza',3,12.92,'2025-03-09');
INSERT INTO sales (sale_type , price, sale_date)VALUES ('Food Purchase',12.92,'2025-03-09');
INSERT INTO financial_transactions (visitor_id, transaction_type,amount,transaction_date)VALUES(85,'Ticket',12.92, '2025-03-09');
INSERT INTO food_sales (visitor_id, food_item, quantity, price, sale_date)VALUES (19, 'Hot Dog',2,8.20,'2025-02-27');
INSERT INTO sales (sale_type , price, sale_date)VALUES ('Food Purchase',8.20,'2025-02-27');
INSERT INTO financial_transactions (visitor_id, transaction_type,amount,transaction_date)VALUES(19,'Ticket',8.20, '2025-02-27');
INSERT INTO food_sales (visitor_id, food_item, quantity, price, sale_date)VALUES (47, 'Duner',3,7.34,'2025-02-10');
INSERT INTO sales (sale_type , price, sale_date)VALUES ('Food Purchase',7.34,'2025-02-10');
INSERT INTO financial_transactions (visitor_id, transaction_type,amount,transaction_date)VALUES(47,'Ticket',7.34, '2025-02-10');
INSERT INTO food_sales (visitor_id, food_item, quantity, price, sale_date)VALUES (3, 'Soda',4,12.59,'2025-02-26');
INSERT INTO sales (sale_type , price, sale_date)VALUES ('Food Purchase',12.59,'2025-02-26');
INSERT INTO financial_transactions (visitor_id, transaction_type,amount,transaction_date)VALUES(3,'Ticket',12.59, '2025-02-26');
INSERT INTO food_sales (visitor_id, food_item, quantity, price, sale_date)VALUES (2, 'Grill',4,8.06,'2025-02-24');
INSERT INTO sales (sale_type , price, sale_date)VALUES ('Food Purchase',8.06,'2025-02-24');
INSERT INTO financial_transactions (visitor_id, transaction_type,amount,transaction_date)VALUES(2,'Ticket',8.06, '2025-02-24');
INSERT INTO food_sales (visitor_id, food_item, quantity, price, sale_date)VALUES (76, 'Juice',1,9.75,'2025-02-11');
INSERT INTO sales (sale_type , price, sale_date)VALUES ('Food Purchase',9.75,'2025-02-11');
INSERT INTO financial_transactions (visitor_id, transaction_type,amount,transaction_date)VALUES(76,'Ticket',9.75, '2025-02-11');
INSERT INTO food_sales (visitor_id, food_item, quantity, price, sale_date)VALUES (52, 'Grill',4,8.24,'2025-02-28');
INSERT INTO sales (sale_type , price, sale_date)VALUES ('Food Purchase',8.24,'2025-02-28');
INSERT INTO financial_transactions (visitor_id, transaction_type,amount,transaction_date)VALUES(52,'Ticket',8.24, '2025-02-28');
INSERT INTO food_sales (visitor_id, food_item, quantity, price, sale_date)VALUES (50, 'Ice Cream',2,8.96,'2025-02-21');
INSERT INTO sales (sale_type , price, sale_date)VALUES ('Food Purchase',8.96,'2025-02-21');
INSERT INTO financial_transactions (visitor_id, transaction_type,amount,transaction_date)VALUES(50,'Ticket',8.96, '2025-02-21');
INSERT INTO food_sales (visitor_id, food_item, quantity, price, sale_date)VALUES (6, 'Ice Cream',4,13.53,'2025-02-18');
INSERT INTO sales (sale_type , price, sale_date)VALUES ('Food Purchase',13.53,'2025-02-18');
INSERT INTO financial_transactions (visitor_id, transaction_type,amount,transaction_date)VALUES(6,'Ticket',13.53, '2025-02-18');
INSERT INTO food_sales (visitor_id, food_item, quantity, price, sale_date)VALUES (12, 'Water',4,13.61,'2025-03-02');
INSERT INTO sales (sale_type , price, sale_date)VALUES ('Food Purchase',13.61,'2025-03-02');
INSERT INTO financial_transactions (visitor_id, transaction_type,amount,transaction_date)VALUES(12,'Ticket',13.61, '2025-03-02');
INSERT INTO food_sales (visitor_id, food_item, quantity, price, sale_date)VALUES (84, 'Burger',4,13.49,'2025-03-10');
INSERT INTO sales (sale_type , price, sale_date)VALUES ('Food Purchase',13.49,'2025-03-10');
INSERT INTO financial_transactions (visitor_id, transaction_type,amount,transaction_date)VALUES(84,'Ticket',13.49, '2025-03-10');
INSERT INTO food_sales (visitor_id, food_item, quantity, price, sale_date)VALUES (82, 'Soda',4,8.92,'2025-02-10');
INSERT INTO sales (sale_type , price, sale_date)VALUES ('Food Purchase',8.92,'2025-02-10');
INSERT INTO financial_transactions (visitor_id, transaction_type,amount,transaction_date)VALUES(82,'Ticket',8.92, '2025-02-10');
INSERT INTO food_sales (visitor_id, food_item, quantity, price, sale_date)VALUES (7, 'Soda',3,14.69,'2025-03-11');
INSERT INTO sales (sale_type , price, sale_date)VALUES ('Food Purchase',14.69,'2025-03-11');
INSERT INTO financial_transactions (visitor_id, transaction_type,amount,transaction_date)VALUES(7,'Ticket',14.69, '2025-03-11');
INSERT INTO food_sales (visitor_id, food_item, quantity, price, sale_date)VALUES (25, 'Soda',3,8.28,'2025-03-08');
INSERT INTO sales (sale_type , price, sale_date)VALUES ('Food Purchase',8.28,'2025-03-08');
INSERT INTO financial_transactions (visitor_id, transaction_type,amount,transaction_date)VALUES(25,'Ticket',8.28, '2025-03-08');
INSERT INTO food_sales (visitor_id, food_item, quantity, price, sale_date)VALUES (69, 'Ice Cream',4,12.93,'2025-03-05');
INSERT INTO sales (sale_type , price, sale_date)VALUES ('Food Purchase',12.93,'2025-03-05');
INSERT INTO financial_transactions (visitor_id, transaction_type,amount,transaction_date)VALUES(69,'Ticket',12.93, '2025-03-05');
INSERT INTO food_sales (visitor_id, food_item, quantity, price, sale_date)VALUES (29, 'Water',4,14.58,'2025-02-20');
INSERT INTO sales (sale_type , price, sale_date)VALUES ('Food Purchase',14.58,'2025-02-20');
INSERT INTO financial_transactions (visitor_id, transaction_type,amount,transaction_date)VALUES(29,'Ticket',14.58, '2025-02-20');
INSERT INTO food_sales (visitor_id, food_item, quantity, price, sale_date)VALUES (43, 'Hot Dog',2,10.45,'2025-02-15');
INSERT INTO sales (sale_type , price, sale_date)VALUES ('Food Purchase',10.45,'2025-02-15');
INSERT INTO financial_transactions (visitor_id, transaction_type,amount,transaction_date)VALUES(43,'Ticket',10.45, '2025-02-15');
INSERT INTO food_sales (visitor_id, food_item, quantity, price, sale_date)VALUES (19, 'Burger',3,6.45,'2025-03-08');
INSERT INTO sales (sale_type , price, sale_date)VALUES ('Food Purchase',6.45,'2025-03-08');
INSERT INTO financial_transactions (visitor_id, transaction_type,amount,transaction_date)VALUES(19,'Ticket',6.45, '2025-03-08');
INSERT INTO food_sales (visitor_id, food_item, quantity, price, sale_date)VALUES (75, 'Pizza',4,12.88,'2025-02-23');
INSERT INTO sales (sale_type , price, sale_date)VALUES ('Food Purchase',12.88,'2025-02-23');
INSERT INTO financial_transactions (visitor_id, transaction_type,amount,transaction_date)VALUES(75,'Ticket',12.88, '2025-02-23');
INSERT INTO food_sales (visitor_id, food_item, quantity, price, sale_date)VALUES (98, 'Grill',4,11.00,'2025-02-09');
INSERT INTO sales (sale_type , price, sale_date)VALUES ('Food Purchase',11.00,'2025-02-09');
INSERT INTO financial_transactions (visitor_id, transaction_type,amount,transaction_date)VALUES(98,'Ticket',11.00, '2025-02-09');
INSERT INTO food_sales (visitor_id, food_item, quantity, price, sale_date)VALUES (29, 'Soda',3,8.93,'2025-02-25');
INSERT INTO sales (sale_type , price, sale_date)VALUES ('Food Purchase',8.93,'2025-02-25');
INSERT INTO financial_transactions (visitor_id, transaction_type,amount,transaction_date)VALUES(29,'Ticket',8.93, '2025-02-25');
INSERT INTO food_sales (visitor_id, food_item, quantity, price, sale_date)VALUES (43, 'Duner',2,13.75,'2025-02-26');
INSERT INTO sales (sale_type , price, sale_date)VALUES ('Food Purchase',13.75,'2025-02-26');
INSERT INTO financial_transactions (visitor_id, transaction_type,amount,transaction_date)VALUES(43,'Ticket',13.75, '2025-02-26');
INSERT INTO food_sales (visitor_id, food_item, quantity, price, sale_date)VALUES (93, 'Ice Cream',3,6.83,'2025-03-03');
INSERT INTO sales (sale_type , price, sale_date)VALUES ('Food Purchase',6.83,'2025-03-03');
INSERT INTO financial_transactions (visitor_id, transaction_type,amount,transaction_date)VALUES(93,'Ticket',6.83, '2025-03-03');
INSERT INTO food_sales (visitor_id, food_item, quantity, price, sale_date)VALUES (29, 'Pizza',3,8.70,'2025-02-16');
INSERT INTO sales (sale_type , price, sale_date)VALUES ('Food Purchase',8.70,'2025-02-16');
INSERT INTO financial_transactions (visitor_id, transaction_type,amount,transaction_date)VALUES(29,'Ticket',8.70, '2025-02-16');
INSERT INTO food_sales (visitor_id, food_item, quantity, price, sale_date)VALUES (41, 'Water',3,6.69,'2025-02-18');
INSERT INTO sales (sale_type , price, sale_date)VALUES ('Food Purchase',6.69,'2025-02-18');
INSERT INTO financial_transactions (visitor_id, transaction_type,amount,transaction_date)VALUES(41,'Ticket',6.69, '2025-02-18');
INSERT INTO food_sales (visitor_id, food_item, quantity, price, sale_date)VALUES (8, 'Pizza',4,7.78,'2025-03-04');
INSERT INTO sales (sale_type , price, sale_date)VALUES ('Food Purchase',7.78,'2025-03-04');
INSERT INTO financial_transactions (visitor_id, transaction_type,amount,transaction_date)VALUES(8,'Ticket',7.78, '2025-03-04');
INSERT INTO food_sales (visitor_id, food_item, quantity, price, sale_date)VALUES (54, 'Water',4,7.46,'2025-03-11');
INSERT INTO sales (sale_type , price, sale_date)VALUES ('Food Purchase',7.46,'2025-03-11');
INSERT INTO financial_transactions (visitor_id, transaction_type,amount,transaction_date)VALUES(54,'Ticket',7.46, '2025-03-11');
INSERT INTO food_sales (visitor_id, food_item, quantity, price, sale_date)VALUES (42, 'Duner',1,14.05,'2025-02-13');
INSERT INTO sales (sale_type , price, sale_date)VALUES ('Food Purchase',14.05,'2025-02-13');
INSERT INTO financial_transactions (visitor_id, transaction_type,amount,transaction_date)VALUES(42,'Ticket',14.05, '2025-02-13');
INSERT INTO food_sales (visitor_id, food_item, quantity, price, sale_date)VALUES (9, 'Water',4,10.10,'2025-02-10');
INSERT INTO sales (sale_type , price, sale_date)VALUES ('Food Purchase',10.10,'2025-02-10');
INSERT INTO financial_transactions (visitor_id, transaction_type,amount,transaction_date)VALUES(9,'Ticket',10.10, '2025-02-10');
INSERT INTO food_sales (visitor_id, food_item, quantity, price, sale_date)VALUES (43, 'Ice Cream',4,12.83,'2025-02-28');
INSERT INTO sales (sale_type , price, sale_date)VALUES ('Food Purchase',12.83,'2025-02-28');
INSERT INTO financial_transactions (visitor_id, transaction_type,amount,transaction_date)VALUES(43,'Ticket',12.83, '2025-02-28');
INSERT INTO food_sales (visitor_id, food_item, quantity, price, sale_date)VALUES (80, 'Grill',2,12.52,'2025-02-21');
INSERT INTO sales (sale_type , price, sale_date)VALUES ('Food Purchase',12.52,'2025-02-21');
INSERT INTO financial_transactions (visitor_id, transaction_type,amount,transaction_date)VALUES(80,'Ticket',12.52, '2025-02-21');
INSERT INTO food_sales (visitor_id, food_item, quantity, price, sale_date)VALUES (92, 'Water',1,9.01,'2025-03-10');
INSERT INTO sales (sale_type , price, sale_date)VALUES ('Food Purchase',9.01,'2025-03-10');
INSERT INTO financial_transactions (visitor_id, transaction_type,amount,transaction_date)VALUES(92,'Ticket',9.01, '2025-03-10');
INSERT INTO food_sales (visitor_id, food_item, quantity, price, sale_date)VALUES (45, 'Hot Dog',3,10.90,'2025-02-24');
INSERT INTO sales (sale_type , price, sale_date)VALUES ('Food Purchase',10.90,'2025-02-24');
INSERT INTO financial_transactions (visitor_id, transaction_type,amount,transaction_date)VALUES(45,'Ticket',10.90, '2025-02-24');
INSERT INTO food_sales (visitor_id, food_item, quantity, price, sale_date)VALUES (92, 'Juice',2,9.97,'2025-02-16');
INSERT INTO sales (sale_type , price, sale_date)VALUES ('Food Purchase',9.97,'2025-02-16');
INSERT INTO financial_transactions (visitor_id, transaction_type,amount,transaction_date)VALUES(92,'Ticket',9.97, '2025-02-16');
INSERT INTO food_sales (visitor_id, food_item, quantity, price, sale_date)VALUES (22, 'Hot Dog',4,9.04,'2025-02-23');
INSERT INTO sales (sale_type , price, sale_date)VALUES ('Food Purchase',9.04,'2025-02-23');
INSERT INTO financial_transactions (visitor_id, transaction_type,amount,transaction_date)VALUES(22,'Ticket',9.04, '2025-02-23');
INSERT INTO food_sales (visitor_id, food_item, quantity, price, sale_date)VALUES (99, 'Soda',4,10.87,'2025-02-20');
INSERT INTO sales (sale_type , price, sale_date)VALUES ('Food Purchase',10.87,'2025-02-20');
INSERT INTO financial_transactions (visitor_id, transaction_type,amount,transaction_date)VALUES(99,'Ticket',10.87, '2025-02-20');
INSERT INTO food_sales (visitor_id, food_item, quantity, price, sale_date)VALUES (3, 'Soda',3,5.91,'2025-03-05');
INSERT INTO sales (sale_type , price, sale_date)VALUES ('Food Purchase',5.91,'2025-03-05');
INSERT INTO financial_transactions (visitor_id, transaction_type,amount,transaction_date)VALUES(3,'Ticket',5.91, '2025-03-05');
INSERT INTO food_sales (visitor_id, food_item, quantity, price, sale_date)VALUES (93, 'Hot Dog',1,5.62,'2025-02-17');
INSERT INTO sales (sale_type , price, sale_date)VALUES ('Food Purchase',5.62,'2025-02-17');
INSERT INTO financial_transactions (visitor_id, transaction_type,amount,transaction_date)VALUES(93,'Ticket',5.62, '2025-02-17');
INSERT INTO food_sales (visitor_id, food_item, quantity, price, sale_date)VALUES (35, 'Juice',3,14.36,'2025-02-22');
INSERT INTO sales (sale_type , price, sale_date)VALUES ('Food Purchase',14.36,'2025-02-22');
INSERT INTO financial_transactions (visitor_id, transaction_type,amount,transaction_date)VALUES(35,'Ticket',14.36, '2025-02-22');
INSERT INTO food_sales (visitor_id, food_item, quantity, price, sale_date)VALUES (38, 'Juice',1,13.83,'2025-02-15');
INSERT INTO sales (sale_type , price, sale_date)VALUES ('Food Purchase',13.83,'2025-02-15');
INSERT INTO financial_transactions (visitor_id, transaction_type,amount,transaction_date)VALUES(38,'Ticket',13.83, '2025-02-15');
INSERT INTO food_sales (visitor_id, food_item, quantity, price, sale_date)VALUES (94, 'Juice',2,8.81,'2025-02-12');
INSERT INTO sales (sale_type , price, sale_date)VALUES ('Food Purchase',8.81,'2025-02-12');
INSERT INTO financial_transactions (visitor_id, transaction_type,amount,transaction_date)VALUES(94,'Ticket',8.81, '2025-02-12');
INSERT INTO food_sales (visitor_id, food_item, quantity, price, sale_date)VALUES (35, 'Grill',3,9.53,'2025-02-19');
INSERT INTO sales (sale_type , price, sale_date)VALUES ('Food Purchase',9.53,'2025-02-19');
INSERT INTO financial_transactions (visitor_id, transaction_type,amount,transaction_date)VALUES(35,'Ticket',9.53, '2025-02-19');
INSERT INTO food_sales (visitor_id, food_item, quantity, price, sale_date)VALUES (96, 'Duner',3,11.96,'2025-02-16');
INSERT INTO sales (sale_type , price, sale_date)VALUES ('Food Purchase',11.96,'2025-02-16');
INSERT INTO financial_transactions (visitor_id, transaction_type,amount,transaction_date)VALUES(96,'Ticket',11.96, '2025-02-16');
INSERT INTO food_sales (visitor_id, food_item, quantity, price, sale_date)VALUES (82, 'Water',3,7.43,'2025-02-13');
INSERT INTO sales (sale_type , price, sale_date)VALUES ('Food Purchase',7.43,'2025-02-13');
INSERT INTO financial_transactions (visitor_id, transaction_type,amount,transaction_date)VALUES(82,'Ticket',7.43, '2025-02-13');
INSERT INTO food_sales (visitor_id, food_item, quantity, price, sale_date)VALUES (68, 'Pizza',4,5.48,'2025-03-04');
INSERT INTO sales (sale_type , price, sale_date)VALUES ('Food Purchase',5.48,'2025-03-04');
INSERT INTO financial_transactions (visitor_id, transaction_type,amount,transaction_date)VALUES(68,'Ticket',5.48, '2025-03-04');
INSERT INTO food_sales (visitor_id, food_item, quantity, price, sale_date)VALUES (13, 'Pizza',4,9.05,'2025-02-28');
INSERT INTO sales (sale_type , price, sale_date)VALUES ('Food Purchase',9.05,'2025-02-28');
INSERT INTO financial_transactions (visitor_id, transaction_type,amount,transaction_date)VALUES(13,'Ticket',9.05, '2025-02-28');
INSERT INTO food_sales (visitor_id, food_item, quantity, price, sale_date)VALUES (59, 'Soda',3,14.31,'2025-03-02');
INSERT INTO sales (sale_type , price, sale_date)VALUES ('Food Purchase',14.31,'2025-03-02');
INSERT INTO financial_transactions (visitor_id, transaction_type,amount,transaction_date)VALUES(59,'Ticket',14.31, '2025-03-02');
INSERT INTO food_sales (visitor_id, food_item, quantity, price, sale_date)VALUES (100, 'Grill',4,10.87,'2025-02-15');
INSERT INTO sales (sale_type , price, sale_date)VALUES ('Food Purchase',10.87,'2025-02-15');
INSERT INTO financial_transactions (visitor_id, transaction_type,amount,transaction_date)VALUES(100,'Ticket',10.87, '2025-02-15');
INSERT INTO food_sales (visitor_id, food_item, quantity, price, sale_date)VALUES (40, 'Pizza',3,5.43,'2025-02-13');
INSERT INTO sales (sale_type , price, sale_date)VALUES ('Food Purchase',5.43,'2025-02-13');
INSERT INTO financial_transactions (visitor_id, transaction_type,amount,transaction_date)VALUES(40,'Ticket',5.43, '2025-02-13');
INSERT INTO food_sales (visitor_id, food_item, quantity, price, sale_date)VALUES (27, 'Soda',1,12.90,'2025-02-26');
INSERT INTO sales (sale_type , price, sale_date)VALUES ('Food Purchase',12.90,'2025-02-26');
INSERT INTO financial_transactions (visitor_id, transaction_type,amount,transaction_date)VALUES(27,'Ticket',12.90, '2025-02-26');
INSERT INTO food_sales (visitor_id, food_item, quantity, price, sale_date)VALUES (23, 'Burger',2,8.24,'2025-02-12');
INSERT INTO sales (sale_type , price, sale_date)VALUES ('Food Purchase',8.24,'2025-02-12');
INSERT INTO financial_transactions (visitor_id, transaction_type,amount,transaction_date)VALUES(23,'Ticket',8.24, '2025-02-12');
INSERT INTO food_sales (visitor_id, food_item, quantity, price, sale_date)VALUES (67, 'Water',3,10.43,'2025-02-19');
INSERT INTO sales (sale_type , price, sale_date)VALUES ('Food Purchase',10.43,'2025-02-19');
INSERT INTO financial_transactions (visitor_id, transaction_type,amount,transaction_date)VALUES(67,'Ticket',10.43, '2025-02-19');
INSERT INTO food_sales (visitor_id, food_item, quantity, price, sale_date)VALUES (31, 'Pizza',1,11.02,'2025-03-06');
INSERT INTO sales (sale_type , price, sale_date)VALUES ('Food Purchase',11.02,'2025-03-06');
INSERT INTO financial_transactions (visitor_id, transaction_type,amount,transaction_date)VALUES(31,'Ticket',11.02, '2025-03-06');
INSERT INTO food_sales (visitor_id, food_item, quantity, price, sale_date)VALUES (30, 'Water',4,11.68,'2025-02-17');
INSERT INTO sales (sale_type , price, sale_date)VALUES ('Food Purchase',11.68,'2025-02-17');
INSERT INTO financial_transactions (visitor_id, transaction_type,amount,transaction_date)VALUES(30,'Ticket',11.68, '2025-02-17');
INSERT INTO food_sales (visitor_id, food_item, quantity, price, sale_date)VALUES (6, 'Soda',2,8.29,'2025-02-11');
INSERT INTO sales (sale_type , price, sale_date)VALUES ('Food Purchase',8.29,'2025-02-11');
INSERT INTO financial_transactions (visitor_id, transaction_type,amount,transaction_date)VALUES(6,'Ticket',8.29, '2025-02-11');
INSERT INTO food_sales (visitor_id, food_item, quantity, price, sale_date)VALUES (33, 'Soda',1,14.75,'2025-02-16');
INSERT INTO sales (sale_type , price, sale_date)VALUES ('Food Purchase',14.75,'2025-02-16');
INSERT INTO financial_transactions (visitor_id, transaction_type,amount,transaction_date)VALUES(33,'Ticket',14.75, '2025-02-16');
INSERT INTO food_sales (visitor_id, food_item, quantity, price, sale_date)VALUES (84, 'Grill',2,14.61,'2025-02-24');
INSERT INTO sales (sale_type , price, sale_date)VALUES ('Food Purchase',14.61,'2025-02-24');
INSERT INTO financial_transactions (visitor_id, transaction_type,amount,transaction_date)VALUES(84,'Ticket',14.61, '2025-02-24');
INSERT INTO food_sales (visitor_id, food_item, quantity, price, sale_date)VALUES (86, 'Soda',4,9.52,'2025-03-06');
INSERT INTO sales (sale_type , price, sale_date)VALUES ('Food Purchase',9.52,'2025-03-06');
INSERT INTO financial_transactions (visitor_id, transaction_type,amount,transaction_date)VALUES(86,'Ticket',9.52, '2025-03-06');
INSERT INTO food_sales (visitor_id, food_item, quantity, price, sale_date)VALUES (55, 'Grill',1,8.48,'2025-02-10');
INSERT INTO sales (sale_type , price, sale_date)VALUES ('Food Purchase',8.48,'2025-02-10');
INSERT INTO financial_transactions (visitor_id, transaction_type,amount,transaction_date)VALUES(55,'Ticket',8.48, '2025-02-10');
INSERT INTO food_sales (visitor_id, food_item, quantity, price, sale_date)VALUES (41, 'Pizza',1,12.95,'2025-02-24');
INSERT INTO sales (sale_type , price, sale_date)VALUES ('Food Purchase',12.95,'2025-02-24');
INSERT INTO financial_transactions (visitor_id, transaction_type,amount,transaction_date)VALUES(41,'Ticket',12.95, '2025-02-24');
INSERT INTO food_sales (visitor_id, food_item, quantity, price, sale_date)VALUES (66, 'Grill',3,12.41,'2025-03-01');
INSERT INTO sales (sale_type , price, sale_date)VALUES ('Food Purchase',12.41,'2025-03-01');
INSERT INTO financial_transactions (visitor_id, transaction_type,amount,transaction_date)VALUES(66,'Ticket',12.41, '2025-03-01');
INSERT INTO food_sales (visitor_id, food_item, quantity, price, sale_date)VALUES (20, 'Duner',2,5.40,'2025-02-22');
INSERT INTO sales (sale_type , price, sale_date)VALUES ('Food Purchase',5.40,'2025-02-22');
INSERT INTO financial_transactions (visitor_id, transaction_type,amount,transaction_date)VALUES(20,'Ticket',5.40, '2025-02-22');
INSERT INTO food_sales (visitor_id, food_item, quantity, price, sale_date)VALUES (28, 'Juice',4,6.45,'2025-03-03');
INSERT INTO sales (sale_type , price, sale_date)VALUES ('Food Purchase',6.45,'2025-03-03');
INSERT INTO financial_transactions (visitor_id, transaction_type,amount,transaction_date)VALUES(28,'Ticket',6.45, '2025-03-03');
INSERT INTO food_sales (visitor_id, food_item, quantity, price, sale_date)VALUES (71, 'Water',4,12.09,'2025-02-18');
INSERT INTO sales (sale_type , price, sale_date)VALUES ('Food Purchase',12.09,'2025-02-18');
INSERT INTO financial_transactions (visitor_id, transaction_type,amount,transaction_date)VALUES(71,'Ticket',12.09, '2025-02-18');
INSERT INTO food_sales (visitor_id, food_item, quantity, price, sale_date)VALUES (99, 'Grill',4,13.52,'2025-02-14');
INSERT INTO sales (sale_type , price, sale_date)VALUES ('Food Purchase',13.52,'2025-02-14');
INSERT INTO financial_transactions (visitor_id, transaction_type,amount,transaction_date)VALUES(99,'Ticket',13.52, '2025-02-14');
INSERT INTO food_sales (visitor_id, food_item, quantity, price, sale_date)VALUES (26, 'Juice',4,10.65,'2025-02-16');
INSERT INTO sales (sale_type , price, sale_date)VALUES ('Food Purchase',10.65,'2025-02-16');
INSERT INTO financial_transactions (visitor_id, transaction_type,amount,transaction_date)VALUES(26,'Ticket',10.65, '2025-02-16');
INSERT INTO food_sales (visitor_id, food_item, quantity, price, sale_date)VALUES (51, 'Ice Cream',2,9.80,'2025-02-21');
INSERT INTO sales (sale_type , price, sale_date)VALUES ('Food Purchase',9.80,'2025-02-21');
INSERT INTO financial_transactions (visitor_id, transaction_type,amount,transaction_date)VALUES(51,'Ticket',9.80, '2025-02-21');
INSERT INTO food_sales (visitor_id, food_item, quantity, price, sale_date)VALUES (89, 'Hot Dog',1,7.84,'2025-02-24');
INSERT INTO sales (sale_type , price, sale_date)VALUES ('Food Purchase',7.84,'2025-02-24');
INSERT INTO financial_transactions (visitor_id, transaction_type,amount,transaction_date)VALUES(89,'Ticket',7.84, '2025-02-24');
INSERT INTO food_sales (visitor_id, food_item, quantity, price, sale_date)VALUES (41, 'Juice',4,6.42,'2025-03-03');
INSERT INTO sales (sale_type , price, sale_date)VALUES ('Food Purchase',6.42,'2025-03-03');
INSERT INTO financial_transactions (visitor_id, transaction_type,amount,transaction_date)VALUES(41,'Ticket',6.42, '2025-03-03');
